index,DateTime,Hauteur,PÃ©riode
0,2023-11-10,0.0025607902230819,6.325878594249201
1,2023-12-07,1.522444668570149,7.042727254558768
2,2023-12-08,1.3239618122588388,6.968257468338015
3,2023-12-09,2.1411934658680076,7.242373837153581
4,2023-12-10,4.064923909946249,7.806398492684722
5,2023-12-11,3.1629801023618223,8.268548206297
6,2023-12-12,2.729687686803565,7.73514498964865
7,2023-12-13,2.7527133714005836,9.332706067491781
8,2023-12-14,1.7377750723617638,8.31226710920658
9,2023-12-15,1.3559186443371627,8.871167749309873
10,2023-12-16,2.0345057085818676,9.993809509776474
11,2023-12-17,2.9560670106674363,12.454207709222116
12,2023-12-18,2.4645654753045085,11.859013880796105
13,2023-12-19,2.012623497257955,10.90830628057126
14,2023-12-20,1.3582238631268817,9.262722915210164
15,2023-12-21,1.6679504947749157,8.417176283885832
16,2023-12-22,1.7436033253840282,6.801965159590911
17,2023-12-23,1.799825303144476,7.084941673671794
18,2023-12-24,1.686919732314554,7.392926882476946
19,2023-12-25,1.9559669660507613,9.36452547558079
20,2023-12-26,2.1015919054284176,8.725394383963037
21,2023-12-27,2.032443558361787,10.611774941544267
22,2023-12-28,1.9784155609676775,9.989059069310732
23,2023-12-29,1.5462705486894484,8.422062766337014
24,2023-12-30,1.1677420254844098,7.517976138466074
25,2023-12-31,1.0950306910030745,9.691610739714498
26,2024-01-01,1.5398753328070083,10.973852391614923
27,2024-01-02,1.3533991233812774,8.870983884976766
28,2024-01-03,1.0249057356342055,6.924414123824316
29,2024-01-04,1.697353992328033,7.543239659946374
30,2024-01-05,1.3214812593713052,7.208988547752699
31,2024-01-06,2.0614578892649496,7.501216321748744
32,2024-01-07,1.3850043383609214,7.857949948541188
33,2024-01-08,1.5430256014329242,8.679950115771843
34,2024-01-09,1.292894772179268,8.465750404471537
35,2024-01-10,1.042742239869703,8.864689648055387
36,2024-01-11,0.9015163826306768,10.854780448642689
37,2024-01-12,1.8741273295980447,10.32606279989593
38,2024-01-13,3.269367674984067,10.938595657190124
39,2024-01-14,3.268192363375689,9.516526193670407
40,2024-01-15,2.3935958742627146,8.448852478828874
41,2024-01-16,2.2984975284747913,7.418458685672959
42,2024-01-17,1.9773480730599262,8.196335796682199
43,2024-01-18,1.6047757293095084,8.280903128621178
44,2024-01-19,1.1720386792754856,8.384023745618482
45,2024-01-20,1.2996907079778297,10.870261794941165
46,2024-01-21,1.493484833768694,10.851350565884879
47,2024-01-22,2.3508236250894994,10.2447717150718
48,2024-01-23,2.059999861413966,9.36409335189791
49,2024-01-24,1.3915738621233364,9.207894901047254
50,2024-01-25,1.2276012959352403,8.460673961074948
51,2024-01-26,1.0434573016006805,8.052087593404629
52,2024-01-27,1.1594606521617667,9.360359327018156
53,2024-01-28,1.4522388346065052,9.523413844592202
54,2024-01-29,1.410640788182678,9.962307688535125
55,2024-01-30,1.3937131652667445,9.53575408305145
56,2024-01-31,1.114777075843767,10.00770341207307
57,2024-02-01,1.122002263209852,10.084696364763838
58,2024-02-02,1.7759968295601214,9.764738749717125
59,2024-02-03,1.7017981322007918,9.461616997742304
60,2024-02-04,1.3865862958495243,9.516284384229712
61,2024-02-05,1.8894011309700485,10.490546618766881
62,2024-02-06,1.8133220432862072,9.970629798189744
63,2024-02-07,1.966484784264718,7.786817537939278
64,2024-02-08,3.306337641495371,7.175068884348728
65,2024-02-09,2.725130738757582,10.233118005803322
66,2024-02-10,2.519462023263669,9.290359366806223
67,2024-02-11,2.0102689813623473,9.395102005673643
68,2024-02-12,2.0054908710617547,9.395072830545088
69,2024-02-13,2.4996980766768826,11.061427847833329
70,2024-02-14,2.8160705162095616,12.13931695662126
71,2024-02-15,2.542702926132975,12.038918984641825
72,2024-02-16,2.153545520616311,11.88034657475204
73,2024-02-17,1.5126544303968867,11.25064765756571
74,2024-02-18,1.7052598559122976,10.177724944225563
75,2024-02-19,2.9310873669366027,10.296225029903312
76,2024-02-20,2.9467292301113694,10.579016482167676
77,2024-02-21,2.8669456076474167,11.070805180862457
78,2024-02-22,2.4619484421574067,11.20703907839441
79,2024-02-23,1.8140762357084652,10.809125730109107
80,2024-02-24,2.4103003475979654,12.590548702283556
81,2024-02-25,2.349372397891219,11.437515418872628
82,2024-02-26,2.3929459568594327,12.645955648181166
83,2024-02-27,3.4620090062973947,12.865412952030889
84,2024-02-28,2.0369319381648086,10.649446238726412
85,2024-02-29,1.6420769376132638,9.320720196282927
86,2024-03-01,1.3442739705680837,8.794842264267052
87,2024-03-02,1.0987301179736637,8.613619952330057
88,2024-03-03,1.231978159787558,7.072084206331681
89,2024-03-04,1.2249349325144923,7.3109530827484095
90,2024-03-05,1.3500211966145728,8.36600874734697
91,2024-03-06,1.435602554046305,8.82617434597149
92,2024-03-07,1.7779887828024816,8.436406287763313
93,2024-03-08,1.9573156570006474,8.771897362472819
94,2024-03-09,2.3828325608109986,11.428931627923893
95,2024-03-10,2.234499387807189,9.468579795929218
96,2024-03-11,2.0783021228102334,9.807020531483497
97,2024-03-12,1.6039249520461387,10.23904121941608
98,2024-03-13,2.0432599307805845,12.449511302727679
99,2024-03-14,2.263016199664147,11.833053449140616
100,2024-03-15,2.660673212348137,13.97305162983955
101,2024-03-16,2.327344740901284,12.384323245363133
102,2024-03-17,1.7022107684841954,9.875163133840285
103,2024-03-18,1.3932175089731156,9.745032282348747
104,2024-03-19,1.4007295328980112,9.8040854121793
105,2024-03-20,1.5137395753915954,10.438507480020334
106,2024-03-21,2.100211164263488,10.108094145031016
107,2024-03-22,2.4171233935427745,10.371743077276276
108,2024-03-23,1.945946995232798,10.546583513298772
109,2024-03-24,1.4811285226220379,9.409378185659682
110,2024-03-25,1.3393298382052203,9.887485663480174
111,2024-03-26,1.3829633804031436,9.44197066143282
112,2024-03-27,1.9091437029523062,7.870251584650305
113,2024-03-28,1.5879668280616188,8.39713787278818
114,2024-03-29,1.8497754960959258,8.03189849709123
115,2024-03-30,2.5150889019786984,7.275539580405417
116,2024-03-31,3.6337564840710597,9.128568377422654
117,2024-04-01,3.603683297234834,9.04535851630945
118,2024-04-02,3.215304135293521,9.6428301996332
119,2024-04-03,3.2207716854487027,10.899014568114561
120,2024-04-04,3.2366047587551234,11.452633135379031
121,2024-04-05,2.8742732564347033,11.175852789402812
122,2024-04-06,2.435251357381112,10.562551895054185
123,2024-04-07,2.177280643722619,11.085145277455526
124,2024-04-08,1.8743078446959922,10.789537298193501
125,2024-04-09,1.749428340837998,10.117639046136095
126,2024-04-10,2.451286753307494,11.898998548293761
127,2024-04-11,4.149030271669177,9.290491200636447
128,2024-04-12,6.25218991124205,10.693223888003278
129,2024-04-13,4.272257331922318,10.550845065273196
130,2024-04-14,3.3230723987500017,8.576672911998246
131,2024-04-15,3.609705731781241,8.471053457679387
132,2024-04-16,2.780175225759162,8.319372545516106
133,2024-04-17,2.304175570676148,8.571774049945343
134,2024-04-18,1.820157640823872,9.521637006612364
135,2024-04-19,2.045443457763976,10.59710838365175
136,2024-04-20,1.9945621715265995,10.432369444765653
137,2024-04-21,2.710309348787862,11.451516382912937
138,2024-04-22,2.4367886594551385,11.741273816037994
139,2024-04-23,2.425966890315367,10.603720064443158
140,2024-04-24,1.9290264753410102,9.86496832441409
141,2024-04-25,1.5488628522932075,10.10188123882762
142,2024-04-26,3.1025527090833345,11.551114900558291
143,2024-04-27,3.2674202660243195,9.372384820470176
144,2024-04-28,3.8915821415922274,7.886910585574607
145,2024-04-29,2.8811866583383714,6.986568407742196
146,2024-04-30,2.400533636994843,6.780067284747389
147,2024-05-01,2.3542634969420564,7.222433332064377
148,2024-05-02,3.4143219594326486,10.412890470779702
149,2024-05-03,3.839471055189736,9.44743424441597
150,2024-05-04,2.4712539006792493,8.405801059140765
151,2024-05-05,2.384807590188355,9.814417511943228
152,2024-05-06,3.350136530773025,12.846733859929646
153,2024-05-07,3.8821175425322743,13.018722253386724
154,2024-05-08,2.8994485046494414,11.845252795613767
155,2024-05-09,1.9204441876967782,10.611724148477546
156,2024-05-10,1.6815353363709515,11.117232608353685
157,2024-05-11,1.3721535813075991,11.647855810549723
158,2024-05-12,2.110924225689406,13.236677128089516
159,2024-05-13,3.6166277976943837,13.671264525502012
160,2024-05-14,3.8340918161815982,14.088470795583104
161,2024-05-15,3.7581475633508026,13.371055905077563
162,2024-05-16,4.639012305044794,13.132442563483767
163,2024-05-17,3.9491083401277782,9.114965962058251
164,2024-05-18,3.382223523041073,8.698966200079601
165,2024-05-19,3.211408042305205,7.740592344747214
166,2024-05-20,3.852745140643404,9.400627508078172
167,2024-05-21,4.023404997282199,10.863372089097359
168,2024-05-22,3.2645504939682857,11.185355538451214
169,2024-05-23,2.903241660054567,11.49941842936049
170,2024-05-24,2.419748104613607,11.393857483047729
171,2024-05-25,2.247733595116784,12.758337053691465
172,2024-05-26,2.02857318966072,11.326061180830667
173,2024-05-27,1.7699955441936763,10.478309105486588
174,2024-05-28,1.835481617589929,10.938617717811237
175,2024-05-29,3.0251714458671413,12.997407019782614
176,2024-05-30,2.6517226494434274,13.574776084039232
0,2022-08-24,1.5096750810372006,7.577672544583957
1,2022-08-25,1.6003486546933765,7.9031827344720496
2,2022-08-26,2.821031675912827,10.624854493306241
3,2022-08-27,2.603327917456269,10.459168821829591
4,2022-08-28,2.082815614272431,11.525501399580136
5,2022-08-29,1.725992413136766,12.18526274775442
6,2022-08-30,1.3186162342183119,12.550112508634546
7,2022-08-31,1.37125852914881,13.80435547045933
8,2022-09-01,1.664277319764146,14.136956354212032
9,2022-09-02,1.4156396157570506,13.048528096575588
10,2022-09-03,1.2351803635824954,12.548967404956093
11,2022-09-04,1.3865658300771269,12.643290894368624
12,2022-09-05,1.4222504418875885,9.961617869596388
13,2022-09-06,1.6315153614882785,10.030051401247531
14,2022-09-07,1.7244500271872196,8.158082102799362
15,2022-09-08,1.9839934082154105,15.506599489060342
16,2022-09-09,2.228306283671109,14.145657760823482
17,2022-09-10,1.6820373232692984,12.368470494959853
18,2022-09-11,1.471395879926339,11.148541081893486
19,2022-09-12,1.9354683283839311,11.089945963729926
20,2022-09-13,1.9295768987396238,11.444781939329303
21,2022-09-14,2.3500216295778347,8.672336824825212
22,2022-09-15,2.386381688401429,7.502175050319078
23,2022-09-16,1.73990751507662,7.567041542371744
24,2022-09-17,1.7986250003832416,8.524300784394855
25,2022-09-18,1.999749445581685,14.03282059605827
26,2022-09-19,2.184074440498946,15.204131249412193
27,2022-09-20,2.1171990755407166,14.757365220078436
28,2022-09-21,2.5157715859333547,13.23555517291969
29,2022-09-22,2.3320186834393506,12.255461692001973
30,2022-09-23,2.738153361491267,9.601820235433644
31,2022-09-24,2.7247251983165715,7.839446763356587
32,2022-09-25,2.019950061284412,7.970975547189199
33,2022-09-26,1.5240977764209902,9.075875391151339
34,2022-09-27,1.347539442356128,11.51815046655497
35,2022-09-28,1.137170410590922,14.035249592351219
36,2022-09-29,1.6976290205667037,13.32394318384297
37,2022-09-30,1.5814734562109118,12.284609732282377
38,2022-10-01,1.6868065857539107,11.036527250578706
39,2022-10-02,2.0156837221792854,9.134929635881278
40,2022-10-03,2.2130677195339983,8.808757988686034
41,2022-10-04,2.862127107480824,9.22705873189192
42,2022-10-05,2.7863045999458826,12.095246515499477
43,2022-10-06,2.12251011723434,10.361951675655526
44,2022-10-07,1.7078275471120108,10.631760384466563
45,2022-10-08,1.5883083708949683,12.772947105291665
46,2022-10-09,1.6780642699819976,13.752626067638085
47,2022-10-10,2.60471113478512,12.13627732403014
48,2022-10-11,2.867263028808361,9.925119878910072
49,2022-10-12,2.2154361186164686,8.715729323179366
50,2022-10-13,1.8329033449465804,9.715243547824072
51,2022-10-14,1.5849614746147933,11.731553208278354
52,2022-10-15,1.1971161291590129,13.660827862851127
53,2022-10-16,1.652248690765382,13.440436718444863
54,2022-10-17,2.7983638921871705,12.324662126433784
55,2022-10-18,2.414709334891078,13.206292799820268
56,2022-10-19,1.753715512212417,10.877757672098527
57,2022-10-20,1.5527382268162089,8.603659413004236
58,2022-10-21,1.3884226069033,9.455293140560917
59,2022-10-22,1.385891827156665,8.911023955190332
60,2022-10-23,1.118249538016292,9.827160502176406
61,2022-10-24,1.3150450080449572,15.25692664062799
62,2022-10-25,1.403550282452615,14.459351080661063
63,2022-10-26,1.6700988398702863,13.142596687937079
64,2022-10-27,1.9521591029957375,11.672179397761516
65,2022-10-28,2.1057008411858913,12.18166207010516
66,2022-10-29,2.159667414915416,12.569410374537851
67,2022-10-30,2.3150687205610985,13.880611584236123
68,2022-10-31,2.6776577794359713,11.772296004108696
69,2022-11-01,3.0627935885990585,10.463734777507673
70,2022-11-02,2.6119658917653337,9.981415067797943
71,2022-11-03,2.496784321663283,9.332266842583836
72,2022-11-04,1.8405513278560068,8.350467183148483
73,2022-11-05,1.2144405662471243,7.982514472412671
74,2022-11-06,0.8962558065806472,7.330409101133436
75,2022-11-07,1.0322444924296814,7.798687878776445
76,2022-11-08,1.1517766746779354,10.040046865434158
77,2022-11-09,1.5962906281683544,14.306280791958317
78,2022-11-10,2.126151336877508,10.38527750336933
79,2022-11-11,1.873541093378558,8.819154523790356
80,2022-11-12,1.5895872785237637,11.156133827210583
81,2022-11-13,1.8681034636637415,13.265651026473584
82,2022-11-14,1.9309910721629209,11.855713185524806
83,2022-11-15,1.5627747724796623,11.581999422271076
84,2022-11-16,1.3860412432970515,12.371971660686375
85,2022-11-17,1.2865737188552842,11.842934130219632
86,2022-11-18,1.2160888668454348,8.862807552995992
87,2022-11-19,1.2991166361225275,10.68873171651863
88,2022-11-20,1.5584427013150384,10.306922401589654
89,2022-11-21,1.5960474657148847,8.339589350668389
90,2022-11-22,1.3919489552420545,8.61121245522244
0,2022-06-22,0.0012848834231706,24.73977695167286
1,2022-06-24,2.634297882654985,14.249961873456975
2,2022-06-25,3.054166541156801,13.378767748615891
3,2022-06-26,2.6401501517689208,13.349727189416912
4,2022-06-27,2.249480578978811,9.898541955036265
5,2022-06-28,2.0191523264213376,9.459689997726791
6,2022-06-29,1.8980354357749338,8.675821592513618
7,2022-06-30,1.9037604865290503,8.16039105078225
8,2022-07-01,2.332522798622211,8.876813267653445
9,2022-07-02,2.156713154439142,10.344821349058726
10,2022-07-03,2.1245637649584275,12.28985812670288
11,2022-07-04,1.8238079974930714,12.095162254245459
12,2022-07-05,1.4644757641032624,12.743433816649672
13,2022-07-06,1.460375771289958,13.266771580831003
14,2022-07-07,1.478132632136296,13.077996376960378
15,2022-07-08,2.064520894902506,13.957548472079926
16,2022-07-09,2.2824818708690358,13.457310232407357
17,2022-07-10,2.6957576849093563,15.789931746228369
18,2022-07-11,2.2125744720715717,13.9685434178583
19,2022-07-12,1.4757199935073768,13.589303186452804
20,2022-07-13,3.939507999041737,18.360748123554142
21,2022-07-14,4.157533965917038,16.126199585206244
22,2022-07-15,3.367416485653857,11.678687994002665
23,2022-07-16,2.7246489057980057,9.664907523500421
24,2022-07-17,1.879612891518969,8.88575926327377
25,2022-07-18,1.456697697466602,9.338970069023427
26,2022-07-19,1.1302015147157876,8.864581110535896
27,2022-07-20,1.8220156700086998,10.422921942586768
28,2022-07-21,3.298544486513373,11.201026387152687
29,2022-07-22,2.397177585835243,10.347912068897175
30,2022-07-23,1.177412684648369,10.702778442003668
31,2022-07-24,1.094729084791061,10.566252280480624
32,2022-07-25,2.4817757491867676,12.912193316950386
33,2022-07-26,2.7071840736602493,13.456135830383337
34,2022-07-27,3.004899209788512,11.192192036661565
35,2022-07-28,2.770566625931222,12.080420413207568
36,2022-07-29,2.5713986000078637,11.017882346855016
37,2022-07-30,2.103232871788896,8.210116419353486
38,2022-07-31,2.260384267610073,7.363956945541955
39,2022-08-01,1.8339946208156335,7.621446761232939
40,2022-08-02,1.7504509232219423,7.021483338264503
41,2022-08-03,1.7569069976331926,6.9587921314413945
42,2022-08-04,2.445519152314481,8.163448785868079
43,2022-08-05,2.7164489389682824,8.738308286225502
44,2022-08-06,2.472383470135254,8.562095892581654
45,2022-08-07,3.00047889577616,9.70311048277491
46,2022-08-08,3.18982921960816,11.67924975604923
47,2022-08-09,3.009319623952346,12.508183360667038
48,2022-08-10,2.0801296717412945,11.593265007240658
49,2022-08-11,1.3040935336003632,9.908385106689774
50,2022-08-12,1.0073502984225875,9.338940489925927
51,2022-08-13,0.9323776324514945,9.62236224510245
52,2022-08-14,0.8320149084141897,10.85510355783718
53,2022-08-15,1.0815236353566697,11.833000114466502
54,2022-08-16,1.5853794322825348,10.51497081172638
55,2022-08-17,2.825779399475861,11.90462009371326
56,2022-08-18,2.968770545886764,13.56087034442345
57,2022-08-19,2.4924128208811465,12.70564092125145
58,2022-08-20,1.7495723807272727,11.587347165254625
59,2022-08-21,1.473627046846464,11.377936610200964
60,2022-08-22,1.745007544324271,12.704807105482105
61,2022-08-23,1.8576453599573914,8.817430141625115
62,2022-08-24,1.016425156979226,11.087828168586485
0,2021-10-13,0.7590891998022716,10.533648373804786
1,2021-10-14,0.6846198618908125,10.065719444434224
2,2021-10-15,0.8140771962318459,9.02317912403093
3,2021-10-16,1.0353714899242268,13.75846006928065
4,2021-10-17,1.2371451532722182,13.300257376039776
5,2021-10-18,0.9530242592590845,10.894167006610742
6,2021-10-19,0.9071819811681815,11.265451012879836
7,2021-10-20,1.2449359938300588,12.86501892968188
8,2021-10-21,1.3145161484338261,12.483970962116848
9,2021-10-22,1.0877329753344849,10.550007576730943
10,2021-10-23,1.4566386179562165,12.857411327760234
11,2021-10-24,2.07182709268598,13.021618661088487
12,2021-10-25,2.0521050899012914,12.4602343934912
13,2021-10-26,1.6314344546678903,11.34249439712474
14,2021-10-27,1.42123720473482,8.693516218638814
15,2021-10-28,2.2829006999486383,8.38423905014609
16,2021-10-29,1.5521935915819132,8.462942309184468
17,2021-10-30,2.1220087516628383,7.930667857824225
18,2021-10-31,1.8161893289924949,8.123466100631527
19,2021-11-01,2.066027142760517,9.483700081177531
20,2021-11-02,2.1084887623540562,11.142787427564594
21,2021-11-03,2.1416910843874684,10.450887693916215
22,2021-11-04,1.6776183140879495,8.827303405450408
23,2021-11-05,1.1827125963082152,8.954366278373794
24,2021-11-06,1.8571995672345523,16.540908971403255
25,2021-11-07,1.966717217314053,13.41712591357443
26,2021-11-08,1.6548985922038193,11.245864367001209
27,2021-11-09,1.9256600970603508,8.450087165612334
28,2021-11-10,2.0925635560903713,10.22556382741496
29,2021-11-11,1.6745698606233237,10.95663280456573
30,2021-11-12,1.2649988618901313,11.251986111669657
31,2021-11-13,1.3012463904253424,12.575157620364797
32,2021-11-14,1.119704187703888,10.520371988706525
33,2021-11-15,0.8700149519261068,8.979986224526538
34,2021-11-16,0.960040798522476,9.362606666512574
35,2021-11-17,1.4000888391505057,5.907035389513234
36,2021-11-18,1.5314972696213207,6.392631611274651
37,2021-11-19,1.3078609433956707,6.92207702721106
38,2021-11-20,1.2771576169072476,7.445716707329727
39,2021-11-21,0.9630584793849405,11.671039924412886
40,2021-11-22,0.6991569603117199,10.971216870623332
41,2021-11-23,0.9868662409807092,9.603322652318605
42,2021-11-24,1.2765293714979167,9.116745485314457
43,2021-11-25,1.0947924445468593,10.49826808739241
44,2021-11-26,1.074684810193866,10.025230155901715
45,2021-11-27,0.9289743279395796,10.549194635298187
46,2021-11-28,1.0186492157828275,12.985787433045033
47,2021-11-29,1.0376726662737041,12.63337903527838
48,2021-11-30,1.362322296331467,12.173022945465211
49,2021-12-01,1.428764009441843,12.619548532219577
50,2021-12-02,1.3967331224877018,11.749265159258245
51,2021-12-03,1.3079689479601444,11.756493016258055
52,2021-12-04,1.3013417081682956,12.725989620807951
53,2021-12-05,1.4356136493568166,13.126088759185771
54,2021-12-06,1.0950799928209298,12.252599854362794
55,2021-12-07,1.0180579832244436,11.065889232373634
56,2021-12-08,0.916139527975795,9.609311555651985
57,2021-12-09,0.8164409558428775,9.681664477773488
58,2021-12-10,0.8268291361091866,10.838381069648852
59,2021-12-11,0.9518042203830014,10.277160202941564
60,2021-12-12,0.9670881129508587,10.358285972578534
61,2021-12-13,0.8862311875094795,9.97919298492648
62,2021-12-14,0.9782325071994502,11.01174096651007
63,2021-12-15,1.1393533165328116,11.611599353113412
64,2021-12-16,1.3133765855432409,11.75584999788349
65,2021-12-17,1.4766453523679468,10.354825814545233
66,2021-12-18,1.4778680682007348,12.080323836288114
67,2021-12-19,1.3014625641835817,9.248492937276309
68,2021-12-20,0.9482026080870328,7.583993038713969
69,2021-12-21,0.9165746854501223,7.458960157564767
70,2021-12-22,1.2523159457346797,10.604820991813154
71,2021-12-23,1.5269965697993204,12.258034013918243
72,2021-12-24,1.2937422965729186,11.196112043606751
73,2021-12-25,1.238486794529769,9.146069982406093
74,2021-12-26,1.6769760386574888,9.865383479821887
75,2021-12-27,1.5603344452612546,9.36129819118125
76,2021-12-28,1.3437170672753556,11.012615177762905
77,2021-12-29,1.0062014654104432,9.339875683451792
78,2021-12-30,0.8807594601591614,8.007288295082637
79,2021-12-31,0.9183573675784791,10.529433228409905
80,2022-01-01,0.7780585778341061,10.897329258685728
81,2022-01-02,0.8427861111535696,7.917988901408198
82,2022-01-03,0.6148226168641037,11.804201875276428
83,2022-01-04,0.6364848144201024,10.155785459806845
84,2022-01-05,0.7343633269505978,13.600931997570619
85,2022-01-06,0.9436243814305277,13.163538652925014
86,2022-01-07,0.860469989956954,10.263039649154578
87,2022-01-08,0.6976587116489315,9.910349114528247
88,2022-01-09,0.4955259427574097,9.57398763589546
89,2022-01-10,0.8475113953202427,12.07654409167899
90,2022-01-11,1.5261245115780877,11.994278848934528
91,2022-01-12,1.076950368838329,11.174320020375525
92,2022-01-13,0.954096447071501,10.471637080210515
93,2022-01-14,0.8269732728348901,11.095152612126332
94,2022-01-15,0.7324343739288768,11.58488446629164
95,2022-01-16,0.6149502908737013,10.604220668911298
96,2022-01-17,0.887533036653775,12.006953296096595
97,2022-01-18,1.0253144794429703,12.267220864154744
98,2022-01-19,1.2654637272381135,10.780471471535748
99,2022-01-20,1.1631234504890509,10.027270546962653
100,2022-01-21,1.040238600880952,9.472849828067888
101,2022-01-22,0.8434157712940439,9.419024850472697
102,2022-01-23,0.8567789620378825,9.961510590796818
103,2022-01-24,0.9763763208198534,10.972483699063188
104,2022-01-25,1.149017233041077,13.424647974469607
105,2022-01-26,1.7011122343187814,13.938999266501762
106,2022-01-27,1.793639263815478,12.840883505841028
107,2022-01-28,1.4950203971702436,11.494681397540676
108,2022-01-29,1.0879901954174753,10.67865766238716
109,2022-01-30,1.0153570388317796,13.357640825325836
110,2022-01-31,1.4567296588982142,13.392766826913329
111,2022-02-01,1.457863168112887,11.991628176898557
112,2022-02-02,1.3701156068938067,10.891525096443218
113,2022-02-03,1.4805435937424067,12.601299921159955
0,2021-03-24,1.9539261136770492,13.779467550201318
1,2021-03-25,1.8968016221016442,13.68939806358066
2,2021-03-26,2.0678158627183048,14.510776933604776
3,2021-03-27,2.180043308017785,14.775587946872408
4,2021-03-28,1.8863993209790786,13.055606219258886
5,2021-03-29,1.6532685995977154,12.943574428462705
6,2021-03-30,1.5768506448249386,14.03698370162183
7,2021-03-31,1.3340127125116128,12.174278506063816
8,2021-04-01,1.162116512324577,11.224377691274325
9,2021-04-02,1.5570852856348278,11.787516569561111
10,2021-04-03,1.7984558137589313,10.048842858686259
11,2021-04-04,1.85962012364781,9.791351297146148
12,2021-04-05,2.1660025803514134,12.424485754116738
13,2021-04-06,2.121192932079697,13.251169759745608
14,2021-04-07,1.827126500940242,12.40432136493888
15,2021-04-08,1.9010707204755546,13.282860866699425
16,2021-04-09,1.7272810049015546,14.878329637135986
17,2021-04-10,1.5409265193295907,14.886720682083116
18,2021-04-11,1.3774050779575953,13.977462104235547
19,2021-04-12,1.3392423940094382,13.736548851106127
20,2021-04-13,1.028215620392886,13.394000839161967
21,2021-04-14,1.0603139022571997,15.97865449843736
22,2021-04-15,1.0372210849538919,17.839054812395158
23,2021-04-16,0.7924138470425047,15.306914633082917
24,2021-04-17,0.7312938349161056,13.463746311429022
25,2021-04-18,0.8983075759731748,13.170190805313496
26,2021-04-19,1.304096388774503,12.15619262268529
27,2021-04-20,1.3127613074478184,14.618114281195583
28,2021-04-21,1.7244121583445426,11.590477707034452
29,2021-04-22,1.8691474701196864,8.720293978127922
30,2021-04-23,2.0342028217766623,11.551900345473422
31,2021-04-24,1.8226590678439516,11.352128433510467
32,2021-04-25,1.4499091108736906,11.076813112082723
33,2021-04-26,1.2569898606724,11.720661274288638
34,2021-04-27,1.287999521099976,15.788361838194353
35,2021-04-28,1.2595022809071585,14.453302236391721
36,2021-04-29,1.2082730063413998,13.708820275469868
37,2021-04-30,0.8959906325974916,12.359018400753556
38,2021-05-01,1.0611216208006657,12.646597362860968
39,2021-05-02,1.2144736399093767,10.719613478722053
40,2021-05-03,0.9059553721734471,10.869146472255599
41,2021-05-04,1.7468104910674693,12.18157487703509
42,2021-05-05,1.803715901645571,12.059043938251719
43,2021-05-06,2.0883200791259,13.102512417292877
44,2021-05-07,1.6485922230271142,12.434411252702942
45,2021-05-08,1.5834818561558286,12.794243940304332
46,2021-05-09,2.262299802804558,14.581840487966673
47,2021-05-10,2.7935549353759046,13.34422276973264
48,2021-05-11,2.6171755594952564,12.576869176081004
49,2021-05-12,1.935724156087625,11.374807135096397
50,2021-05-13,1.4730318043310018,10.366517547573503
51,2021-05-14,1.4675073242953987,13.04928277915628
52,2021-05-15,1.2033066832749366,10.846622269210497
53,2021-05-16,1.2679816122451908,10.230336107236575
54,2021-05-17,1.7947395778712174,12.634982847915227
55,2021-05-18,1.8397602211295585,10.53067933219186
56,2021-05-19,1.7011915925057977,9.357095918603594
57,2021-05-20,1.7406963337523507,12.997128493056922
58,2021-05-21,1.3533911690259257,13.242107041629708
59,2021-05-22,2.1690265685799823,15.789982664880698
60,2021-05-23,2.160826458564635,13.374221042142391
0,2020-10-19,10.697890541540573,12.294137069250697
1,2020-10-21,0.9624704557064206,13.107138531567065
2,2020-10-22,0.9558670346927772,12.78299324565907
3,2020-10-23,1.251936976520304,9.907648730350685
4,2020-10-24,1.7849852306998757,8.221388943170528
5,2020-10-25,1.8619953149343118,10.499914929401994
6,2020-10-26,1.633764862887811,11.077463861298767
7,2020-10-27,1.1493761330677499,10.242989197375314
8,2020-10-28,1.061550903213478,10.415432424896837
9,2020-10-29,1.2497598210851684,10.505408113119353
10,2020-10-30,1.1407259264901464,12.15242833519229
11,2020-10-31,1.7346341994694712,13.72427578188919
12,2020-11-01,2.235568641929595,13.526628168679354
13,2020-11-02,2.0009623170745474,12.273352675674394
14,2020-11-03,1.6335548897304735,11.605976792153847
15,2020-11-04,1.32535520933654,9.837292004808862
16,2020-11-05,1.1432620073516102,8.697992250461322
17,2020-11-06,1.3422858622617013,10.521750586210437
18,2020-11-07,1.5008968347578155,10.474796021295278
19,2020-11-08,1.5138832308338193,10.65450459386797
20,2020-11-09,1.2651217933567789,9.748163682725592
21,2020-11-10,1.1240465756293319,12.3871613856179
22,2020-11-11,0.9869425511911616,11.766344447618911
23,2020-11-12,1.1435607357970454,11.18101848071236
24,2020-11-13,1.416595368896586,10.305764268543323
25,2020-11-14,1.2338054690942473,12.058426209453883
26,2020-11-15,1.0090281537105563,13.172679225140802
27,2020-11-16,1.0428137663508459,12.353673301700503
28,2020-11-17,0.9752718749341356,11.049270660948167
29,2020-11-18,1.0497081286666774,11.359018662969987
30,2020-11-19,1.053083298698017,9.625306515643368
31,2020-11-20,1.508213190081175,9.426889505976819
32,2020-11-21,1.75147538264902,10.86577231641577
33,2020-11-22,1.894972233586719,12.506985211728498
34,2020-11-23,1.4252319101914324,12.108521326815632
35,2020-11-24,1.1365254653955765,12.69235550264033
36,2020-11-25,1.016257433088194,13.185830746107037
37,2020-11-26,1.0510583495900916,12.439719355635646
38,2020-11-27,1.3865285254197397,8.41672706629472
39,2020-11-28,1.553508165888803,9.796810942641155
40,2020-11-29,1.248378833861097,10.599309801921022
41,2020-11-30,0.9538811410212155,10.600931853034178
42,2020-12-01,0.7334630289840094,12.518640233394565
43,2020-12-02,0.842633616807395,11.909628623169773
44,2020-12-03,0.9295482887536104,11.484580770944241
45,2020-12-04,0.7728558401578306,11.695881483869137
46,2020-12-05,0.8981333626020067,12.647974633873119
47,2020-12-06,1.0008340206325055,13.147606640333953
48,2020-12-07,1.0357938724283955,16.17035312269873
49,2020-12-08,1.1227343215803962,14.662813288460578
50,2020-12-09,0.9915260413628338,13.290527073845878
51,2020-12-10,0.8648890677521085,11.942506905412145
52,2020-12-11,0.8736983768536252,10.733971843301163
53,2020-12-12,0.6968047380979036,9.78124544327577
54,2020-12-13,0.7490949215273609,10.856534162068613
55,2020-12-14,0.7216482393381214,10.89368379005652
56,2020-12-15,0.7166522863001606,11.772895644862565
57,2020-12-16,1.2673532805286547,13.194746941803901
58,2020-12-17,1.3328599728888841,13.216076311419314
59,2020-12-18,1.096158494913993,12.613930624684807
60,2020-12-19,1.0861248752028467,13.200994655524669
61,2020-12-20,1.9824260657228419,15.146865124137138
62,2020-12-21,1.861484812275778,12.430858078644171
63,2020-12-22,1.3005476470204345,10.84445385501306
64,2020-12-23,0.8747276953563299,9.859266616652631
65,2020-12-24,0.6649529419607599,9.733296580567577
66,2020-12-25,0.6854232051300028,8.88509962921166
67,2020-12-26,0.9370682755416856,7.568072460960393
68,2020-12-27,0.6674102901717918,7.9627797753379435
69,2020-12-28,0.508005793819567,8.226822797496713
70,2020-12-29,0.46594151636866576,9.438399365355169
71,2020-12-30,0.48941907753286923,8.324822375868896
72,2020-12-31,0.6642432218279603,6.094076857049957
73,2021-01-01,0.7165232650617478,6.8639628990390795
74,2021-01-02,0.8599317958239231,7.94332141134219
75,2021-01-03,1.0650985122352774,7.2058191698761105
76,2021-01-04,1.0758801050202076,7.0949315496237055
77,2021-01-05,0.8891735008036852,7.842979598985874
78,2021-01-06,0.8910080571401636,7.182295590578149
79,2021-01-07,1.0927190649321372,8.96335996725667
80,2021-01-08,1.0635082766219541,9.782011637812113
81,2021-01-09,0.9875655226744772,8.877562785822814
82,2021-01-10,0.8875986475141198,14.931724861737527
83,2021-01-11,1.03874920274468,15.25520763567504
84,2021-01-12,1.2177952213720247,10.142425526919205
85,2021-01-13,1.0972337791907532,9.950061567724651
86,2021-01-14,0.9926062859169028,9.359773509321595
87,2021-01-15,1.2543410720616952,13.621859737759351
88,2021-01-16,1.298611080380951,12.880558385217276
89,2021-01-17,1.0386545756339074,12.805228985061582
90,2021-01-18,0.972534244188775,12.92445926883253
91,2021-01-19,0.6991468605693445,11.39764195239511
92,2021-01-20,0.6755430236902052,10.019134461911616
93,2021-01-21,0.6037040477028911,9.846352844245919
94,2021-01-22,0.6281989970204512,8.229756626396957
95,2021-01-23,0.77447357530379,13.22024975550407
96,2021-01-24,0.8856778510649049,11.182713497576389
97,2021-01-25,0.8193859965976191,9.406264654107215
98,2021-01-26,0.755339942172187,8.364820335085858
99,2021-01-27,0.7465271000072073,8.31151732827598
100,2021-01-28,0.81456546278908,13.547583057126898
101,2021-01-29,1.1684062197198009,14.450256328682968
102,2021-01-30,1.0547063820295923,12.70700887553941
103,2021-01-31,0.6338124858734014,11.002639615431946
104,2021-02-01,0.4758210705480192,9.531950786458133
105,2021-02-02,0.7388460719893996,12.900133358939911
106,2021-02-03,0.984834729311301,11.208001647668688
107,2021-02-04,0.8767122735663547,10.628434348868693
108,2021-02-05,0.831348715700193,9.161681189372159
109,2021-02-06,0.7868848494188332,9.59673297998553
110,2021-02-07,0.8631249162253202,9.28196771444806
111,2021-02-08,0.8728351937758524,10.158226946539136
112,2021-02-09,1.0211124311593263,11.961342881269607
113,2021-02-10,1.1290244400949832,12.875653314422351
114,2021-02-11,0.9926802201295478,12.168625652265929
115,2021-02-12,0.8990885822675018,11.7804206188749
116,2021-02-13,0.8187659574363616,13.699346976243516
117,2021-02-14,0.7973258273660327,12.522566472538221
118,2021-02-15,0.5653730808839014,11.684856481547952
119,2021-02-16,0.5386348100585016,11.228304772487583
120,2021-02-17,0.9142379962816151,13.100185962999587
121,2021-02-18,0.9936983996994395,11.644544896860538
122,2021-02-19,0.6413476134326547,11.601970957751256
123,2021-02-20,0.595598909604816,11.02523217995867
124,2021-02-21,1.4218487991128874,12.043372572998996
125,2021-02-22,1.5275176676213846,13.213546064075551
126,2021-02-23,1.9177864058705243,13.148903302625653
127,2021-02-24,1.6538324604998091,12.12756741093834
128,2021-02-25,1.5629415259676598,11.645052507498301
129,2021-02-26,2.133360219713239,11.355793799715718
130,2021-02-27,1.563635001595611,10.231525110583085
131,2021-02-28,1.275199817694597,8.989662403963655
132,2021-03-01,1.1137136791464608,9.997604064287914
133,2021-03-02,1.0267734157388992,10.837193793486717
134,2021-03-03,1.183005126765841,14.525197197332693
135,2021-03-04,1.1255534117947767,15.87820102984115
136,2021-03-05,0.8943809572996377,12.651908441336388
137,2021-03-06,0.839650099495204,10.475619154853959
138,2021-03-07,0.8212718049421689,8.61813777007417
139,2021-03-08,0.874792117882559,6.80631474702253
140,2021-03-09,0.648884120859147,9.388483894664576
141,2021-03-10,0.8933309501132339,14.212502136362716
142,2021-03-11,0.9667300492549685,11.703095883135823
143,2021-03-12,1.1143937470337735,10.964980433395178
144,2021-03-13,1.2509323535796069,10.887320130207357
145,2021-03-14,1.3775030077827495,10.571377728087473
146,2021-03-15,1.346672586878645,10.700684808877936
147,2021-03-16,1.946906267316768,10.562918764356152
148,2021-03-17,2.8919012489360463,13.591284394424036
149,2021-03-18,2.1324057762299997,10.84970349101173
150,2021-03-19,1.7521315824147514,9.512211483361193
151,2021-03-20,1.7703124344224073,13.68830632284722
152,2021-03-21,1.9025093057293816,14.36505819312329
153,2021-03-22,1.5838646325114418,13.443455962376456
154,2021-03-23,2.143799897757504,14.938007659451268
0,2018-07-20,1.5728173263266374,12.787547497348042
1,2018-07-21,1.0920021830818154,10.84744766277315
2,2018-07-22,1.024360233253041,11.282623558536196
3,2018-07-24,0.9194750853574479,11.022467820462701
4,2018-07-25,0.9029540153292075,10.461816968304527
5,2018-07-26,0.7600250188069758,11.528976969877137
6,2018-07-27,0.9564305988533762,11.919413608700673
7,2018-07-28,1.7380907265217225,13.370767303042136
8,2018-07-29,1.5805048943074738,12.406196207691636
9,2018-07-31,1.345153266191204,11.807713454351918
10,2018-08-01,1.1616143336124993,10.356038008627694
11,2018-08-02,2.1190728398581933,12.340631297291944
12,2018-08-03,2.5906118664105073,13.51373327950599
13,2018-08-04,1.805647666365514,12.5193843959561
14,2018-08-05,1.0418937191712512,11.576016713203849
15,2018-08-06,1.1059439610849953,12.347288617837776
16,2018-08-07,2.1990782441653645,14.214566933083992
17,2018-08-08,1.518570028521368,13.017111747651233
18,2018-08-09,1.0558504252470422,11.402963998494522
19,2018-08-10,1.1979726094146066,9.428608085756858
20,2018-08-11,1.1241326396421292,10.749018797650038
21,2018-08-12,1.4820455078020933,11.176187241932174
22,2018-08-13,1.4802273310162029,12.132021119374377
23,2018-08-14,0.8244929923682555,11.793901747813328
24,2018-08-15,0.943048349829901,10.227565010835256
25,2018-08-16,1.1539457043459111,12.438792622217457
26,2018-08-17,0.9831961016880043,11.7712395224625
27,2018-08-18,0.8666981341289524,11.352103170380964
28,2018-08-19,0.8492033994412066,10.974076145250768
29,2018-08-20,0.784528727612526,10.902918447325865
30,2018-08-21,1.62969944135351,7.516924068634435
31,2018-08-22,1.9990268854125184,7.408348290692113
32,2018-08-23,1.9932605046947345,8.509231455046228
33,2018-08-24,1.9705657508991632,11.65415677207603
34,2018-08-25,1.949411952685774,13.477251069778719
35,2018-08-26,1.383069535872231,12.63933727240318
36,2018-08-27,1.082509840994946,11.262618970716396
37,2018-08-28,1.7332107139324668,12.516226250097615
38,2018-08-29,2.612723889021657,9.83865304546402
39,2018-08-30,3.317176416578066,7.575313025316962
40,2018-08-31,3.0641568186382524,9.002499206549897
41,2018-09-01,3.1397132092285447,10.471917508626158
42,2018-09-02,2.9337318183101844,9.156160147776262
43,2018-09-03,2.703400120847022,9.783176081187914
44,2018-09-04,2.5954076825571573,10.681238987170667
45,2018-09-05,2.6884581088489963,11.217879442281182
46,2018-09-06,2.3429758983502924,11.08020181291266
47,2018-09-07,2.140437436082044,11.841845773257788
48,2018-09-08,1.8246981479162578,12.369356284374502
49,2018-09-09,1.7079601299391651,14.164341068407218
50,2018-09-10,1.493618079641082,14.991725100637842
51,2018-09-11,1.2316739822935847,13.271189716408381
52,2018-09-12,1.1366670751270556,12.410429113097392
53,2018-09-13,1.0978402981739759,11.647362793726046
54,2018-09-14,1.1390657666112556,11.157500804219552
55,2018-09-15,2.463843528276516,13.901301881273548
56,2018-09-16,2.188384455261476,12.239611088710006
57,2018-09-17,3.099838632769045,8.267946564244701
58,2018-09-18,3.0233258274627954,8.791104262082545
59,2018-09-19,2.5038328635666596,10.126866364370153
60,2018-09-20,2.4959479554884534,9.940706004246072
61,2018-09-21,2.7841152569455274,8.880732218529301
62,2018-09-22,2.522585339364489,8.030927606427356
63,2018-09-23,2.3280169350808735,8.961789019931135
64,2018-09-24,2.260841745772965,10.02041973963675
65,2018-09-25,2.143422631993737,12.638709172975458
66,2018-09-26,1.8488770858237176,13.987832646732018
67,2018-09-27,1.5255382158221662,13.07830961931011
68,2018-09-28,1.3058753569432648,12.096676558161148
69,2018-09-29,1.6943740691214149,13.702347170353605
70,2018-09-30,2.3119524422290803,14.590529504129796
71,2018-10-01,2.1351943170033967,11.92131376114782
72,2018-10-02,2.983741315250768,7.681008222956172
73,2018-10-03,2.501268283610867,7.744010893729425
74,2018-10-04,1.749752513356827,8.389346939499022
75,2018-10-05,1.7441556443126018,12.42972394922471
76,2018-10-06,1.9004918172370893,14.878982935729267
77,2018-10-07,1.790079084756069,14.624568030631822
78,2018-10-08,1.8712393560970897,16.064992917804553
79,2018-10-09,1.4702822322691385,15.070830412303655
80,2018-10-10,1.4254662010257724,14.056777365338974
81,2018-10-11,2.2874439795525436,13.22757294534376
82,2018-10-12,2.251494841702671,13.546522354831351
83,2018-10-13,2.2270706552491744,11.082543504615932
84,2018-10-14,1.6900742464572434,10.07482670571124
85,2018-10-15,1.049211063113377,10.033630296780524
86,2018-10-16,1.4092843680887464,14.430722077053352
87,2018-10-17,2.6560550113565093,15.268970106479742
88,2018-10-18,2.558510336702173,14.199705024119927
89,2018-10-19,2.2804966032021032,13.802243810753737
90,2018-10-20,1.8772749842169107,11.325173447094675
91,2018-10-21,2.359055460864802,12.544461639026757
92,2018-10-22,2.265364627524219,14.549996230121316
93,2018-10-23,2.61138412920473,13.888051345579706
94,2018-10-24,2.210256326122008,12.89716848750981
95,2018-10-25,1.8946003261807516,11.939813934960528
96,2018-10-26,1.6572397988460905,12.024170890704399
97,2018-10-27,1.3355841205094725,9.840231686555484
98,2018-10-28,1.0497437723217173,9.375719234910733
99,2018-10-29,1.2293345925899284,9.940529947212886
100,2018-10-30,2.1637417851047345,9.695010105023059
101,2018-10-31,2.136653468258362,8.833964873079166
102,2018-11-01,1.788343597470269,8.757738852551928
103,2018-11-02,1.493200867751369,8.743104767743157
104,2018-11-03,1.252507020963126,9.003839033521173
105,2018-11-04,1.095342473395105,10.190659741666492
106,2018-11-05,1.27075236846845,12.415102219704004
107,2018-11-06,1.4458545264210618,11.29320458347951
108,2018-11-07,1.2465512385450706,9.397793578906025
109,2018-11-08,1.6039107015434848,9.03152387415252
110,2018-11-09,2.128608932534745,7.680469808525309
111,2018-11-10,2.1483243208370366,8.728042871028237
112,2018-11-11,1.7645543139752562,12.55315641557697
113,2018-11-12,1.3866419736022573,11.337757231079488
114,2018-11-13,1.3112075016514122,13.042623264885188
115,2018-11-14,1.1429674981753386,12.781912026895272
116,2018-11-15,0.8828836460073192,11.746531875333588
117,2018-11-16,0.86855767200558,12.888987161565383
118,2018-11-17,0.8286036616554783,14.050541451591092
119,2018-11-18,1.2750131858665175,13.093629895665307
120,2018-11-19,1.3592287286129425,11.479118305287164
121,2018-11-20,1.4827905705476663,11.49934339704403
122,2018-11-21,1.4588399945063883,12.379400036458277
123,2018-11-22,1.251567725253998,10.911828125476598
124,2018-11-23,0.9760073443158901,10.096038540910422
125,2018-11-24,0.865344115865189,9.91482721489931
126,2018-11-25,0.7857651588807345,10.964790778060449
127,2018-11-26,0.9459763323848466,11.376662605767917
128,2018-11-27,1.0002244877489934,9.9374746337658
129,2018-11-28,0.9076141279448979,8.545977126182242
130,2018-11-29,0.7290034066838008,10.788129770962014
131,2018-11-30,0.7201527571683238,11.592609885502371
132,2018-12-01,0.6172140261027842,11.391150170844353
133,2018-12-02,1.0239214598944837,11.923848224486454
134,2018-12-03,1.207868559363975,10.954448926266245
135,2018-12-04,0.9890314059945986,9.558944309947078
136,2018-12-05,0.9414311988662987,9.489919941509799
137,2018-12-06,1.1436537349262743,9.443801895615094
138,2018-12-07,1.5769720780203997,9.77767155892016
139,2018-12-08,1.45826009145172,10.78080513073502
140,2018-12-09,1.2091635951571371,10.517767412350208
141,2018-12-10,1.0659544243663401,10.218725345057734
142,2018-12-11,1.0495064190679144,10.228496478234957
143,2018-12-12,1.2366968966207066,10.92822933986537
144,2018-12-13,1.4558824845948857,12.67285606728917
145,2018-12-14,1.2734975655685055,10.991509953056877
146,2018-12-15,1.3785022098753454,11.572624742289646
147,2018-12-16,1.190420556534124,10.74555298078788
148,2018-12-17,1.0421449608436237,10.709534708019406
149,2019-02-06,1.115395890061041,14.718943073379597
150,2019-02-07,1.2271493718090534,13.5441613173027
151,2019-02-08,1.1860490073827605,12.349010870365916
152,2019-02-09,1.1534128981381555,12.47293406315238
153,2019-02-10,1.3026116968959978,11.421894478936792
154,2019-02-11,2.073582029008696,9.757786569476666
155,2019-02-12,1.8012577819756241,8.545916928422354
156,2019-02-13,1.421347767060004,8.956956529423078
157,2019-02-14,1.0901264589929627,8.289150144779558
158,2019-02-15,0.8246222658234159,8.165850867660302
159,2019-02-16,1.1455994380658059,5.7912804705032315
160,2019-02-17,1.7316104511531878,7.270718028424686
161,2019-02-18,1.4951083877990177,10.094988990405184
162,2019-02-19,1.4910008694233754,11.208727149238038
163,2019-02-20,1.1448276125744714,10.851900057987796
164,2019-02-21,0.9028675529906941,11.859188869859098
165,2019-02-22,1.076713045442742,12.209268906236096
166,2019-02-23,0.9240819785981249,10.94828772941618
167,2019-02-24,0.8287411488912094,10.363706771906513
168,2019-02-25,0.8571575068824931,10.502565460302337
169,2019-02-26,0.8345343931718379,10.403502498143082
170,2019-02-27,0.791674809082333,11.503592011404438
171,2019-02-28,0.9019690635056107,11.207472520875905
172,2019-03-01,0.984878315279477,10.885945517521494
173,2019-03-02,1.027741197882877,9.671295746213705
174,2019-03-03,1.0334239156050973,9.436138886265825
175,2019-03-04,1.7337730555640187,13.179398899211419
176,2019-03-05,2.1565080218003154,12.185375499369144
177,2019-03-06,2.795908274092278,14.179101977827793
178,2019-03-07,1.8411631732696383,12.031027480153538
179,2019-03-08,1.7341557795335432,11.493208226875597
180,2019-03-09,1.5690436839693283,11.656055804612064
181,2019-03-10,1.6161461848812844,9.215254841311747
182,2019-03-11,1.627080338603572,9.013037776393261
183,2019-03-12,1.6264276293720379,8.594033075235528
184,2019-03-13,1.8009799051054796,8.918528417002603
185,2019-03-14,1.7033046942782126,9.527133314758395
186,2019-03-15,2.1249293638092808,9.035325768309216
187,2019-03-16,1.9673788523689593,9.737788744392082
188,2019-03-17,2.1098750197554215,9.575920706756719
189,2019-03-18,1.6626290482380055,9.331246120543701
190,2019-03-19,1.8166358428545468,9.61644370500265
191,2019-03-20,1.8704044665535575,9.578318279535042
192,2019-03-21,1.5875350423393002,9.66805137603175
193,2019-03-22,1.4163798848511755,10.795822682685099
194,2019-03-23,1.577258597976046,12.605748916139744
195,2019-03-24,1.579728179193639,12.913226934019916
196,2019-03-25,1.6040978173788834,13.345921765326027
197,2019-03-26,1.3422793167554765,12.108201324525618
198,2019-03-27,1.5812794038109186,13.085627200048807
199,2019-03-28,1.775198583751734,11.394796833677995
200,2019-03-29,1.4884622491338042,10.357642475025843
201,2019-03-30,1.795590943007246,9.175189750509384
202,2019-03-31,2.0096322494569114,8.093118145864716
203,2019-04-01,1.6398204667492742,7.7705566537017035
204,2019-04-02,1.3260630871002814,9.415682182192441
205,2019-04-03,1.5671368147438434,7.468425637218432
206,2019-04-04,1.2820609371339897,8.929949969885795
207,2019-04-05,1.5322281544531433,11.316160997434965
208,2019-04-06,1.9430426403607222,11.658663671876303
209,2019-04-07,1.6709397187469381,11.234160136063222
210,2019-04-08,1.3041161637511087,10.80945573155545
211,2019-04-09,1.3795400200852008,8.54374007831215
212,2019-04-10,1.451544934661604,8.829935912612276
213,2019-04-11,1.4641303764249274,9.44290699336077
214,2019-04-12,1.4013899304981379,9.837669286357583
215,2019-04-13,1.4261844767408023,9.228639465760173
216,2019-04-14,1.3809699746501103,9.921924990656635
217,2019-04-15,1.4802943326677473,10.578198318069107
218,2019-04-16,1.409358087750588,11.281554198708498
219,2019-04-17,1.3031475504563217,11.583452333632914
220,2019-04-18,1.5383515466711994,12.248222716328884
221,2019-04-19,2.216842744069339,12.94928756361996
222,2019-04-20,1.8252137188642552,11.464282629430796
223,2019-04-21,2.1424113312105653,11.162447525349394
224,2019-04-22,2.061455429954087,10.576527014901089
225,2019-04-23,2.441606447776361,12.807918414490855
226,2019-04-24,2.4910662820342764,11.257274535112304
227,2019-04-25,2.374218292991662,10.752440401203003
228,2019-04-26,2.511371679242736,11.079282205457744
229,2019-04-27,2.3656725945001047,10.251428178765538
230,2019-04-28,2.7491832350946317,9.858170393637076
231,2019-04-29,3.0602827490900175,9.764886339732257
232,2019-04-30,2.775449400571557,8.812504030812464
233,2019-05-01,2.514036892191927,8.96734000635078
234,2019-05-02,2.365847567940953,9.018220837409972
235,2019-05-03,2.3691626356749693,9.06186720167323
236,2019-05-04,2.036318440747952,9.668035541965653
237,2019-05-05,1.92345384368497,10.055362934292015
238,2019-05-06,1.8547388520913168,13.293624963327554
239,2019-05-07,2.1744681625962943,14.702318592231327
240,2019-05-08,1.9067256303191427,14.449762197214929
241,2019-05-09,2.7304526258627777,16.581512376546836
242,2019-05-10,2.3726866355369687,14.668346912569568
243,2019-05-11,2.089654125619172,13.825225103594015
244,2019-05-12,1.9760710956588248,12.512520208977634
245,2019-05-13,1.3520058377574624,10.548040337975266
246,2019-05-14,1.0574010283104307,10.170349708423847
247,2019-05-15,0.9543513950841023,9.445952694569675
248,2019-05-16,1.1578222217147183,13.336286974091195
249,2019-05-17,1.6593930849466954,15.214609895590925
250,2019-05-18,1.63921453250546,13.613827086350113
251,2019-05-19,1.7502728305076,15.197515422988525
252,2019-05-20,2.100522979466484,14.314199231657847
253,2019-05-21,1.741753051705223,12.780168599577168
254,2019-05-22,1.851964761059178,13.498749359398333
255,2019-05-23,2.834209216143408,14.825265709632605
256,2019-05-24,2.605556911108465,13.986143278884747
257,2019-05-25,3.046250176505785,11.670401286601686
258,2019-05-26,2.8677334348978705,11.018378405480531
259,2019-05-27,2.1626980817868806,11.226225063319754
260,2019-05-28,2.230536145432365,11.571855549288562
261,2019-05-29,2.329166661404104,11.085138949012482
262,2019-05-30,2.091795722440857,11.726397924803578
263,2019-05-31,1.7653272772219435,11.101873351031168
264,2019-06-01,1.3131188053723153,9.833807010598987
265,2019-06-02,1.404855524271574,9.87862784693545
266,2019-06-03,1.5707433182976598,9.435424963185017
267,2019-06-04,1.1274929037442798,9.364048270665597
268,2019-06-05,1.5244656283157676,11.8834619208787
269,2019-06-06,2.207522069024095,12.300619912055067
270,2019-06-07,1.518653275735402,10.535004973020671
271,2019-06-08,1.0951943977823047,7.418319498573655
272,2019-06-09,1.4322017280022354,11.537781668986298
273,2019-06-10,1.9226430815440245,12.00671082114315
274,2019-06-11,2.4396526345440477,14.430207553600885
275,2019-06-12,2.7248686094751426,14.281063201686093
276,2019-06-13,2.154966723567798,12.740158828605031
277,2019-06-14,2.3540535536230345,9.864799650796746
278,2019-06-15,2.3640935931898723,9.216413229803871
279,2019-06-16,2.3656574955923504,9.991760927751185
280,2019-06-17,2.253766550845112,9.00899787631763
281,2019-06-18,1.853798661076299,8.953771251762108
282,2019-06-19,1.50937015181093,8.500739032952259
283,2019-06-20,1.216514235617577,8.835106284690424
284,2019-06-21,1.153969909337411,8.82747003373162
285,2019-06-22,1.8316430650390083,9.81650540551569
286,2019-06-23,2.724013406080411,7.02460954062824
287,2019-06-24,2.3045214530592215,7.624851577305091
288,2019-06-25,1.824664818069978,8.411049173928783
289,2019-06-26,1.7550530933519726,12.619259398554533
290,2019-06-27,2.651239617246506,17.753444482635498
291,2019-06-28,2.4276681828424946,14.089771513989058
292,2019-06-29,2.9315985426105833,11.448407274361875
293,2019-06-30,2.6493265887252297,10.557924592174386
294,2019-07-01,2.9059339961037964,9.977737271758153
295,2019-07-02,3.300818358329918,7.106646016640558
296,2019-07-03,4.276829450008222,10.253995702863193
297,2019-07-04,3.9243360040286324,9.939908083174009
298,2019-07-05,3.199895927489433,8.722483312063149
299,2019-07-06,2.5684668900315644,9.281275638973762
300,2019-07-07,2.4624122615587236,9.24688758460882
301,2019-07-08,1.9140492671043348,8.582189288892087
302,2019-07-09,2.108303311562035,14.815413233914628
303,2019-07-10,1.9485108415192283,14.020520048766437
304,2019-07-11,2.77996407123138,15.977231171724682
305,2019-07-12,2.1204152793710613,14.15215092301633
306,2019-07-13,1.7535925752448926,13.27403551265236
307,2019-07-14,1.535974888814644,13.704820244102821
308,2019-08-06,1.733363252855578,13.05027998686406
309,2019-08-07,1.4989755490946652,12.661138853552997
310,2019-08-08,2.456956520280794,13.994803960255505
311,2019-08-09,2.265223024051743,13.756964484360608
312,2019-08-10,1.8304027692916918,13.213476861775192
313,2019-08-11,1.1841080777140245,10.952521456428189
314,2019-08-12,1.0816127757882499,12.172854581817889
315,2019-08-13,1.6428087419780653,11.986710964441693
316,2019-08-14,1.3371389812730328,10.833555827238847
317,2019-08-15,1.2680809244110345,10.742103562046028
318,2019-08-16,1.6897264847647768,11.86007074422438
319,2019-08-17,2.90581796868712,16.053233352035786
320,2019-08-18,2.030964381577362,13.62432404828448
321,2019-08-19,1.2260391765825538,12.312924577670344
322,2019-08-20,0.9019314752817014,11.377291514285993
323,2019-08-21,0.833196123370406,11.676083612717697
324,2019-08-22,0.9633345557738773,11.361984431203373
325,2019-08-23,1.3686703465201495,10.896706293045002
326,2019-08-24,1.5818807456466937,10.710373870242256
327,2019-08-25,1.4760912023846018,11.247590993625522
328,2019-08-26,1.170863881487976,11.617909603359498
329,2019-08-27,1.51084551250365,14.668240470270641
330,2019-08-28,1.8212901025258228,12.786648369931314
331,2019-08-29,1.443060303586262,12.638372579565404
332,2019-08-30,1.301620062949618,11.850744911257737
333,2019-08-31,2.157192499388806,11.300763303760052
334,2019-09-01,2.44988753681085,11.771211486643168
335,2019-09-02,2.408411300927139,13.216768041188613
336,2019-09-03,2.936920881687494,15.230309776820514
337,2019-09-04,3.0500883151230673,9.957147494135839
338,2019-09-05,3.1644787888963353,14.594243248369525
339,2019-09-06,3.1816478524615666,10.060148678235533
340,2019-09-07,2.2125833022756907,10.477373140191874
341,2019-09-08,1.612586297216188,11.25166096633909
342,2019-09-09,1.5260843844590388,11.895230485484099
343,2019-09-10,1.9347735905099197,13.244002894322266
344,2019-09-11,1.751221141200837,11.987428560884922
345,2019-09-12,1.4127166010789998,12.293503937776974
346,2019-09-13,1.2029462138467053,12.026022459831056
347,2019-09-14,1.1767924676303931,9.691112112537592
348,2019-09-15,1.4852027005053257,9.237282757270194
349,2019-09-16,1.7989063204545575,9.73750190467043
350,2019-09-17,2.139351631651309,15.669593671198607
351,2019-09-18,1.3792073142506593,14.152852042098859
352,2019-09-19,2.1740340243777636,11.526305525938247
353,2019-09-20,1.9055102123503904,10.522716683175199
354,2019-09-21,1.7354488095927543,13.82939275257057
355,2019-09-22,1.8167428629408906,14.787943423551944
356,2019-09-23,2.3818567134663073,15.761321984320588
357,2019-09-24,2.093085260225583,12.402294735866162
358,2019-09-25,1.4975302550235963,11.767153911096658
359,2019-09-26,1.5346070544411148,12.797411644955446
360,2019-09-27,1.2110548906459382,12.347122859674286
361,2019-09-28,1.4735626825598864,12.907586803550208
362,2019-09-29,1.876312475402654,12.374873745063333
363,2019-09-30,2.0742239519446204,12.569457303292019
364,2019-10-01,1.862533183473887,9.69025221592993
365,2019-10-02,1.9525102237205727,11.073152917788747
366,2019-10-03,1.638001182353187,9.738491304994083
367,2019-10-04,1.1528787431495904,9.024330448875501
368,2019-10-05,1.3407337694480015,11.715728521926636
369,2019-10-06,1.9572639891867352,10.019736955121791
370,2019-10-07,2.2060949877866842,9.306062263338072
371,2019-10-08,2.372464153245557,9.384155376616194
372,2019-10-09,1.9651677699610148,10.035416566908651
373,2019-10-10,2.2035919732678764,14.01683046396684
374,2019-10-11,2.0973635654463267,11.203758315836694
375,2019-10-12,1.8436189020642397,7.719957762146616
376,2019-10-13,1.5845819615407104,7.592999530317107
377,2019-10-14,1.3621259545220326,9.360082080318685
378,2019-10-15,1.4791463646247107,15.392807179621423
379,2019-10-16,1.538481234115488,14.281353402207442
380,2019-10-17,1.4643618747744875,12.145215861090838
381,2019-10-18,1.3094323484430965,10.573063115972513
382,2019-10-19,1.36814780998799,9.965847887826058
383,2019-10-20,1.2063621101043587,8.685321345689287
384,2019-10-21,1.1144310182545685,8.252993993182924
385,2019-10-22,0.9722352219264515,8.402998443878223
386,2019-10-23,1.064095319279512,10.515192079809095
387,2019-10-24,0.9583486615400781,11.178047707353075
388,2019-10-25,0.8384675992918941,11.256990588558354
389,2019-10-26,1.0004721024590628,12.872207965007414
390,2019-10-27,1.2363018005091744,11.315605872763953
391,2019-10-28,1.3852357493131835,11.034298759254126
392,2019-10-29,1.8919889808115318,11.420782434545385
393,2019-10-30,2.003910838496974,12.116615132609029
394,2019-10-31,1.782433397476218,10.622818053629617
395,2019-11-01,1.2230869005103726,9.75670066357307
396,2019-11-02,0.8856005558106831,11.564180190272529
397,2019-11-03,0.7707086949205199,11.342777439936034
398,2019-11-04,1.8950682778883838,10.762090041480702
399,2019-11-05,2.5009550581482123,12.609489841176625
400,2019-11-06,3.106467863121648,13.543127143231011
401,2019-11-07,2.3753495299188305,12.166309684863064
402,2019-11-08,1.7695136276784584,9.872831302085022
403,2019-11-09,1.3013893514624353,9.731148774052812
404,2019-11-10,1.523512846380828,7.418272463813998
405,2019-11-11,1.5599298671374238,8.957063723100509
406,2019-11-12,1.832431013339173,10.608064356106363
407,2019-11-13,1.7895670660367167,8.76584142696869
408,2019-11-14,1.5337094870852497,8.870319501360447
409,2019-11-15,1.620798137237655,9.259289121498517
410,2019-11-16,1.3318891386943599,8.85150894443593
411,2019-11-17,1.0503320362110837,9.667016940977236
412,2019-11-18,0.9569434266883167,10.337363322168386
413,2019-11-19,0.9434606797532202,10.864718630581487
414,2019-11-20,0.758019694745223,10.254488053171267
415,2019-11-21,0.7832462759363507,9.398840201689941
416,2019-11-22,0.9958931479390879,9.092235770758165
417,2019-11-23,1.0839056740241588,8.166319284964375
418,2019-11-24,1.0323249189888672,7.632757044024522
419,2019-11-25,0.8045427828909202,10.453558407538914
420,2019-11-26,0.8578069060601572,12.653197558305818
421,2019-11-27,0.8676941821615283,12.877083194827412
422,2019-11-28,1.0082556787697663,12.362832441329493
423,2019-11-29,1.2817091447631548,12.853418016421417
424,2019-11-30,1.3877518841557055,10.374446718077536
425,2019-12-01,0.8882439739143478,9.984765001620726
426,2019-12-02,0.7970733892101957,10.045333450036848
427,2019-12-03,0.7830840292377692,11.858786367605786
428,2019-12-04,1.3096807013788154,12.776944296945826
429,2019-12-05,1.25863849765395,10.28744798739587
430,2019-12-06,1.5635785697093605,7.905220725342204
431,2019-12-07,2.0840087919904304,8.101478709571445
432,2019-12-08,1.8695974026431275,8.210529922341331
433,2019-12-09,1.5929177297854247,8.639869299657343
434,2019-12-10,1.5245711912520978,8.892726044473434
435,2019-12-11,1.587857120788298,8.31281638621124
436,2019-12-12,1.760633305186322,7.640608285605762
437,2019-12-13,1.928549937635868,6.758418533971792
438,2019-12-14,1.6666430116771558,7.032737714487179
439,2019-12-15,1.7925195597850978,7.8293929228145585
440,2019-12-16,1.9085519264617412,8.251506060561704
441,2019-12-17,1.581681161337668,8.202784324895534
442,2019-12-18,1.2696623565856962,7.897038397312791
443,2019-12-19,1.0588767451044636,7.66362565592999
444,2019-12-20,1.0942259352589192,6.709780693956357
445,2019-12-21,0.9973690172239992,6.619163798128561
446,2019-12-22,1.0960552572976596,7.821141084153845
447,2019-12-23,1.2094578350163998,7.602243482242817
448,2019-12-24,2.317871758478327,8.673014627880299
449,2019-12-25,2.3877135442086144,8.434747428643085
450,2019-12-26,1.7170505175296442,8.807218388343566
451,2019-12-27,1.3795854245664072,12.193668833996414
452,2019-12-28,1.2460640426685368,12.311884235708092
453,2019-12-29,1.0385162786982647,11.004159566886281
454,2019-12-30,0.7651585575028826,9.986710775337249
455,2019-12-31,0.5986811885012726,9.099940076456681
456,2020-01-01,0.546570337715252,11.221643284771474
457,2020-01-02,0.8262726732089286,11.928689385865283
458,2020-01-03,1.319303614931569,12.04822796074349
459,2020-01-04,1.8297415018020147,12.001759603102792
460,2020-01-05,1.3427751141144835,10.783158426863542
461,2020-01-06,1.0501692516459895,8.513056671883826
462,2020-01-07,1.101606090062244,8.269861864833503
463,2020-01-08,1.6387412481936414,9.804442958894436
464,2020-01-09,1.9564586095623555,8.588028715313115
465,2020-01-10,1.9971668982475113,10.178904285693
466,2020-01-11,1.6871940991165548,9.922271732121194
467,2020-01-12,1.5877489397127686,9.154621010597857
468,2020-01-13,1.3745919325236848,9.521317209682865
469,2020-01-14,1.1623978046220127,8.05830097272422
470,2020-01-15,1.2776201020714817,10.400003008081159
471,2020-01-16,1.5920245961917092,12.812284318422122
472,2020-02-24,2.0239201525368036,14.166336952488564
473,2020-02-26,1.737399864499243,12.58404230456116
474,2020-02-27,1.4500216752082415,10.530304970704998
475,2020-02-28,1.4247019943478438,10.014180466342623
476,2020-02-29,1.422166268761455,10.556745951064476
477,2020-03-01,1.195967826506587,10.705030020443688
478,2020-03-02,0.8876857783545086,10.059701445759261
479,2020-03-03,0.8598910675078972,10.046041191589067
480,2020-03-04,1.13012717932274,10.012804813288492
481,2020-03-05,1.33467411514667,10.106000413042471
482,2020-03-06,1.4010370194139528,9.627860575675438
483,2020-03-07,1.1903255738888217,9.377303370944068
484,2020-03-08,1.093166348689196,10.629710476166474
485,2020-03-09,1.217769989687174,10.088457007613664
486,2020-03-10,0.9937220129183757,9.093400122737396
487,2020-03-11,0.9155261171978172,9.160077884442481
488,2020-03-12,0.9825917603963857,9.507693922042039
489,2020-03-13,1.1184095412873372,10.866311390289363
490,2020-03-14,1.0116267681861182,10.347125864753869
491,2020-03-15,1.0071623989941638,12.694386009192671
492,2020-03-16,1.1445413558507316,12.232863712601485
493,2020-03-17,0.9530743546638223,13.413013981299883
494,2020-03-18,1.5478998098306433,11.986890100925327
495,2020-03-19,1.6895523781143547,12.200643900405586
496,2020-03-20,2.4369006113583014,14.31072702785199
497,2020-03-21,2.4718020414767214,14.624888748018089
498,2020-03-22,1.861167864066206,12.165022622777856
499,2020-03-23,1.4968803986693455,11.608745532551003
500,2020-03-24,1.6712568607633151,14.05079357899102
501,2020-03-25,1.488075600673229,11.459065934410296
502,2020-03-26,1.2955419045483942,11.172459087242787
503,2020-03-27,1.6705937861141253,11.222011248398928
504,2020-03-28,2.8154009526938992,11.738418146872306
505,2020-03-29,2.64883259959856,13.523279105034709
506,2020-03-30,1.9182919225269286,12.743523420795489
507,2020-03-31,1.424769434485251,11.600578731148433
508,2020-04-01,1.1904468336650487,12.070955050042492
509,2020-04-02,1.0025116409859631,12.96453950339798
510,2020-04-03,1.202787713868514,14.282853395099352
511,2020-04-04,1.0141841637869915,13.06162815174715
512,2020-04-05,1.0396010604060788,13.284130103291945
513,2020-04-06,1.0252436180303202,11.563089591838589
514,2020-04-07,1.31357540200162,12.347614875360042
515,2020-04-08,1.1505455041966786,12.110783461252167
516,2020-04-09,0.9358930372181752,11.126786741969738
517,2020-04-10,0.9054191904765087,11.941418355994697
518,2020-04-11,1.1023846235486177,12.527202237729782
519,2020-04-12,0.9993502773360677,10.643110092421258
520,2020-04-13,0.8539146275863175,9.502219846511146
521,2020-04-14,1.2730383607063256,15.144662987248696
522,2020-04-15,1.888737388412813,14.074748143277056
523,2020-04-16,1.4086531945483591,11.357773034894388
524,2020-04-17,1.138776312866132,12.451860826339832
525,2020-04-18,1.747755157111933,13.745773240729946
526,2020-04-19,1.8674601807089937,9.763635174352936
527,2020-04-20,1.6429847864724758,8.124411791368724
528,2020-04-21,1.5850762662680384,7.322314726623074
529,2020-04-22,1.6457430807414442,7.709657018409153
530,2020-04-23,1.259181695986342,8.668224230956083
531,2020-04-24,1.1272261261061687,11.300368815600068
532,2020-04-25,0.9169825254838555,12.915872765417603
533,2020-04-26,1.5195109987843718,12.773080876027663
534,2020-04-27,1.1975934709535891,11.440120628145708
535,2020-04-28,0.9580992944187664,11.385144727500984
536,2020-04-29,0.7689280862233878,10.870485097908684
537,2020-04-30,1.0555328632460965,12.23115066362673
538,2020-05-01,1.3028728415902258,11.405639175651123
539,2020-05-02,2.197689347277449,12.351268234188055
540,2020-05-03,2.025901016138309,10.66223373105884
541,2020-05-04,2.195723422027741,12.603132909638598
542,2020-05-05,1.8353474175998816,12.2451970718937
543,2020-05-06,1.57678502573766,10.774672866944485
544,2020-05-07,1.4459712769520607,9.989659243932033
545,2020-05-08,1.3653128997481272,12.37063453344998
546,2020-05-09,1.2418047678039814,9.347982103225574
547,2020-05-10,1.3387237536609442,12.381753510258001
548,2020-05-11,2.0662364359655165,15.443229064092975
549,2020-05-12,2.355796738266552,14.89791258645875
550,2020-05-13,2.001491956699274,14.501858761603307
551,2020-05-14,2.077071689960365,13.644292963558081
552,2020-05-15,1.4549087392010114,12.658989548741678
553,2020-05-16,1.3571082145089122,12.976179170537163
554,2020-05-17,0.8493700244723222,11.856796876036485
555,2020-05-18,1.0726037825191879,9.493284067248629
556,2020-05-19,1.4523811515887786,9.776402203096737
557,2020-05-20,1.727732653639639,11.162098854792411
558,2020-05-21,2.7596515061529625,12.497418662832365
559,2020-05-22,2.4788831445969217,10.36116190615312
560,2020-05-23,2.4229136360568924,9.385795427877312
561,2020-05-24,2.1958605811710292,10.134955000514086
562,2020-05-25,1.7861378468097644,10.579500268593577
563,2020-05-26,1.6496723153029758,15.25112246342566
564,2020-05-27,1.6035896740466595,14.421783134452541
565,2020-05-28,1.5814974307137548,13.170542042873429
566,2020-05-29,2.0529725526737512,13.393096118268033
567,2020-05-30,2.8606261365730745,14.826249351528787
568,2020-05-31,2.3440369413808733,14.334827792274163
569,2020-06-01,1.7411032683193106,13.21101805074339
570,2020-06-02,2.2253794840516297,11.152646531689756
571,2020-06-03,2.9465526461920413,11.5833071532437
572,2020-06-04,3.227597017212702,11.686342177484436
573,2020-06-05,2.941433506618294,10.943484303170708
574,2020-06-06,2.594457979739204,11.576156021339733
575,2020-06-07,1.9305148040676532,11.11325041029374
576,2020-06-08,1.4510292809087193,10.44194791006084
577,2020-06-09,1.4090560596728905,10.908002844530321
578,2020-06-10,1.2721647742758257,12.38142157004661
579,2020-06-11,1.3844716519145785,14.196309593323244
580,2020-06-12,1.140294830516096,13.350066037626275
581,2020-06-13,1.601277805817501,14.307885773133405
582,2020-06-14,2.397971230790642,13.917861401161629
583,2020-06-15,2.1415165735877277,11.275778364416453
584,2020-06-16,2.8992532635428208,12.781801979046705
585,2020-06-17,2.9276515726839327,13.517588015518351
586,2020-06-18,2.4734883458742734,11.259934265871557
587,2020-06-19,2.107578581107899,9.761493319631244
588,2020-06-20,1.7294036724202615,9.452835330264255
589,2020-06-21,2.296862998358014,7.194781365732972
590,2020-06-22,1.9093947612282687,8.619140305073204
591,2020-06-23,1.9180975307744692,12.013382610231247
592,2020-06-24,2.029312266502838,15.942589458999153
593,2020-06-25,2.381028123905985,15.847716260327553
594,2020-06-26,2.0138392439131256,14.320437797439242
595,2020-06-27,2.1460237078261355,9.93448356669229
596,2020-06-28,2.6962795381656814,11.710986005832188
597,2020-06-29,2.8365654371023195,11.299047896540165
598,2020-06-30,2.3439344654389997,11.39480474201345
599,2020-07-01,1.7424565671660541,11.076126951871638
600,2020-07-02,1.2953146158382196,11.200272570363426
601,2020-07-03,0.8917992546444884,11.427081336747866
602,2020-07-04,0.9269374190358289,10.71137225542064
603,2020-07-05,1.5855787492378248,10.057555389088822
604,2020-07-06,1.7987139210628378,11.435959353737275
605,2020-07-07,2.5789567240443403,7.702886661074228
606,2020-07-08,2.755917618141939,7.914203428942945
607,2020-07-09,2.1196753984559438,9.787620414308202
608,2020-07-10,1.5518518280195204,8.67303474239578
609,2020-07-11,1.3551677950789636,9.960613575407052
610,2020-07-12,1.5766478081877244,12.570251406579303
611,2020-07-13,1.4912719504303047,12.063501307653354
612,2020-07-14,2.53551978655451,8.885404096878736
613,2020-07-15,2.0356099788670377,12.64532417097165
614,2020-07-16,1.7342431798584432,13.239803892369837
615,2020-07-17,1.9081304667445755,10.331942282128873
616,2020-07-18,2.146506770933431,8.310991031336952
617,2020-07-19,2.361747785935363,11.455606670603208
618,2020-07-20,1.8828333801198835,9.38951744887105
619,2020-07-21,1.9169241762518257,8.278420595449088
620,2020-07-22,1.5947312991184213,8.032266538832337
621,2020-07-23,1.5836540786133237,9.083623792675775
622,2020-07-24,1.2003983088708499,8.732632214942951
623,2020-07-25,1.2214258729712812,10.280033209115786
624,2020-07-26,1.2716264521142577,11.98888908558387
625,2020-07-27,1.5821390813921914,13.033996313337306
626,2020-07-28,1.208792693228797,12.19747266411287
627,2020-07-29,1.2197605535448468,11.929060647990491
0,2016-07-28,2.6533333333333333,9.333333333333334
1,2016-07-29,2.4316666666666666,10.791666666666666
2,2016-07-30,2.10125,13.125
3,2016-07-31,1.3891666666666669,10.375
4,2016-08-01,1.6683333333333332,14.375
5,2016-08-02,1.14,10.958333333333334
6,2016-08-03,1.0479166666666666,11.0
7,2016-08-04,2.2358333333333333,10.875
8,2016-08-05,1.9254166666666668,10.375
9,2016-08-06,1.4333333333333333,9.541666666666666
10,2016-08-07,1.1883333333333332,9.5
11,2016-08-08,1.5941666666666665,10.833333333333334
12,2016-08-09,1.3529166666666665,10.041666666666666
13,2016-08-10,1.175,10.833333333333334
14,2016-08-11,1.25,10.75
15,2016-08-12,1.4775,13.5
16,2016-08-13,2.1370833333333334,11.333333333333334
17,2016-08-14,2.0345833333333334,9.458333333333334
18,2016-08-15,1.5075,10.5
19,2016-08-16,1.3683333333333334,11.5
20,2016-08-17,1.61,10.166666666666666
21,2016-08-18,1.7804166666666665,8.375
22,2016-08-19,1.92875,9.708333333333334
23,2016-08-20,1.6970833333333335,11.333333333333334
24,2016-08-21,1.2795833333333333,11.375
25,2016-08-22,1.3054166666666667,13.208333333333334
26,2016-08-23,1.3670833333333334,13.0
27,2016-08-24,1.8341666666666667,10.75
28,2016-08-25,1.6070833333333334,8.875
29,2016-08-26,1.8525,6.333333333333333
30,2016-08-27,1.9441666666666668,6.958333333333333
31,2016-08-28,1.7162499999999998,9.625
32,2016-08-29,1.33,10.041666666666666
33,2016-08-30,1.56125,9.25
34,2016-08-31,1.43625,8.541666666666666
35,2016-09-01,1.37375,8.875
36,2016-09-02,1.6045833333333333,13.875
37,2016-09-03,1.7320833333333334,14.875
38,2016-09-04,1.9304166666666667,15.25
39,2016-09-05,1.9841666666666669,13.875
40,2016-09-06,1.5250000000000001,10.458333333333334
41,2016-09-07,1.2529166666666667,9.541666666666666
42,2016-09-08,1.1733333333333333,8.333333333333334
43,2016-09-09,1.2379166666666668,9.708333333333334
44,2016-09-10,1.2466666666666668,9.958333333333334
45,2016-09-11,1.4204166666666669,13.833333333333334
46,2016-09-12,1.2325000000000002,14.625
47,2016-09-13,1.3833333333333335,12.5
48,2016-09-14,1.21,12.041666666666666
49,2016-09-15,1.5825000000000002,9.541666666666666
50,2016-09-16,1.5645833333333332,9.625
51,2016-09-17,1.9158333333333335,9.791666666666666
52,2016-09-18,2.2816666666666667,13.083333333333334
53,2016-09-19,1.9425000000000001,14.875
54,2016-09-20,1.5916666666666668,11.208333333333334
55,2016-09-21,1.4108333333333334,10.0
56,2016-09-22,1.07375,9.666666666666666
57,2016-09-23,0.9570833333333333,12.0
58,2016-09-24,0.9979166666666667,14.5
59,2016-09-25,1.2783333333333333,12.5
60,2016-09-26,1.5133333333333334,14.5
61,2016-09-27,1.2154166666666668,11.458333333333334
62,2016-09-28,0.8820833333333334,10.916666666666666
63,2016-09-29,0.9054166666666666,11.125
64,2016-09-30,1.0866666666666667,13.75
65,2016-10-01,1.0966666666666667,13.5
66,2016-10-02,1.2191666666666667,12.875
67,2016-10-03,1.3670833333333334,10.875
68,2016-10-04,1.8245833333333332,9.5
69,2016-10-05,1.90625,11.0
70,2016-10-06,1.375,8.625
71,2016-10-07,1.4529166666666666,9.583333333333334
72,2016-10-08,1.0608333333333333,9.958333333333334
73,2016-10-09,0.8158333333333334,9.75
74,2016-10-10,0.9145833333333333,10.25
75,2016-10-11,1.375,9.541666666666666
76,2016-10-12,1.0574999999999999,9.583333333333334
77,2016-10-13,1.6433333333333333,9.958333333333334
78,2016-10-14,2.049166666666667,10.125
79,2016-10-15,1.4445833333333333,9.208333333333334
80,2016-10-16,0.9895833333333334,11.0
81,2016-10-17,0.9891666666666667,10.25
82,2016-10-18,0.82125,9.125
83,2016-10-19,1.9400000000000002,9.916666666666666
84,2016-10-20,1.7641666666666669,10.25
85,2016-10-21,1.9808333333333332,10.708333333333334
86,2016-10-22,1.6558333333333335,9.041666666666666
87,2016-10-23,1.2820833333333332,9.416666666666666
88,2016-10-24,1.2933333333333332,9.25
89,2016-10-25,1.04125,9.583333333333334
90,2016-10-26,0.8975,9.25
91,2016-10-27,1.4425,7.916666666666667
92,2016-10-28,1.3445833333333335,8.541666666666666
93,2016-10-29,1.9541666666666666,9.583333333333334
94,2016-10-30,1.4487500000000002,9.458333333333334
95,2016-10-31,1.31125,9.291666666666666
96,2016-11-01,1.19625,7.541666666666667
97,2016-11-02,1.0620833333333335,9.541666666666666
98,2016-11-03,1.1375,7.166666666666667
99,2016-11-04,1.3433333333333335,8.458333333333334
100,2016-11-05,1.38375,9.291666666666666
101,2016-11-06,1.1108333333333333,8.291666666666666
102,2016-11-07,0.80625,8.916666666666666
103,2016-11-08,0.7566666666666667,10.75
104,2016-11-09,0.7529166666666667,10.166666666666666
105,2016-11-10,0.7400000000000001,10.458333333333334
106,2016-11-11,0.7545833333333333,12.166666666666666
107,2016-11-12,1.1270833333333334,9.958333333333334
108,2016-11-13,1.6404166666666669,8.375
109,2016-11-14,1.6941666666666666,7.583333333333333
110,2016-11-15,2.2341666666666664,8.416666666666666
111,2016-11-16,2.3754166666666667,7.25
112,2016-11-17,1.98375,7.75
113,2016-11-18,1.5616666666666668,7.958333333333333
114,2016-11-19,1.4475,7.708333333333333
115,2016-11-20,1.4645833333333333,6.666666666666667
116,2016-11-21,1.3620833333333333,6.708333333333333
117,2016-11-22,1.1254166666666667,9.583333333333334
118,2016-11-23,1.4604166666666665,13.541666666666666
119,2016-11-24,2.02875,14.5
120,2016-11-25,2.046666666666667,12.666666666666666
