DateTime,mpts,mpww,swh,shts,puissance calcul√©e
1987-01-01,10.104434130569551,3.534866592276603,2.012450067070713,1.875143858271046,16940.657811931356
1987-01-02,9.723403963777768,2.7788111960342894,1.8113145028056654,1.7458197376764721,14130.782666207286
1987-01-03,9.710616383533663,2.4595140266776454,1.795737089049879,1.7705872699492098,14515.45193542741
1987-01-04,9.769771861035672,2.6682937995680818,1.7945636406162258,1.7527944354426428,14311.840366110442
1987-01-05,9.897413019711278,2.928637698116575,1.6954171901736055,1.680706230691841,13330.744459679909
1987-01-06,10.142803604265005,3.1386305867653346,1.530855490416119,1.5249698684816242,11246.817061262187
1987-01-07,9.8646258457554,2.5889142681277426,1.625738483205303,1.5882556305956916,11865.075726016217
1987-01-08,11.060860297492992,3.224722621941034,1.935722876964523,1.8459017829815714,17970.29370010367
1987-01-09,11.303483970844237,3.1682410777776884,2.0967694712297194,2.0185667817540107,21960.774696618308
1987-01-10,11.002272745431863,2.6465705333169787,2.024624695335415,1.9910574018454854,20796.921762356513
1987-01-11,10.96071824352292,2.3726938064738086,1.9256762827896576,1.9048227926848378,18962.572819423538
1987-01-12,11.575939720629107,2.99520154123036,2.0069488053848463,1.9434374539954373,20847.139978934123
1987-01-13,12.099401009578509,3.2479935114823464,2.214630637279996,2.125229507070272,26057.01328633647
1987-01-14,11.36344774057123,3.4838647127688382,2.230683261375813,2.113825410956099,24210.147603279835
1987-01-15,9.976340516770922,3.2223455672392154,2.0631104182367106,1.9844189857953975,18732.127305859987
1987-01-16,9.10274730217662,3.123360791294476,1.82379492093011,1.7300148041271692,12990.36084627315
1987-01-17,8.84048357534529,2.408752245736399,1.5577078975944112,1.530796294707673,9877.792885224577
1987-01-18,9.334405671757665,2.4342755385879307,1.5018909029280652,1.4719125984550951,9642.72554483095
1987-01-19,10.1141295974915,2.338327102236863,1.6081129760303954,1.5845637487236464,12108.686511707987
1987-01-20,10.800579764954621,3.0478812179499406,1.6393257101454606,1.6348017802537003,13763.419973651502
1987-01-21,10.855626788348454,3.4853118786084334,1.5755286212307453,1.575054960929843,12840.898684132602
1987-01-22,10.474484517720386,3.1728836846706967,1.511061508576778,1.5097358460831873,11383.706292371362
1987-01-23,9.730044685322989,2.6368742855118286,1.4574069426417862,1.4389250511936151,9605.948885634576
1987-01-24,8.895941646138835,3.3642832666945344,1.6178643943169237,1.4670650744847669,9129.348193048696
1987-01-25,8.572482690622161,4.053735899135392,1.9877255596281889,1.7120960559186902,11981.52118361705
1987-01-26,8.724301246638062,2.580203134484891,1.861248938939945,1.8217126859711552,13805.098444660842
1987-01-27,9.619269599313688,2.673434749049866,1.9140105877361622,1.8565146189665322,15808.40061066993
1987-01-28,9.075828578893775,4.254630288107912,2.074722102954698,1.7545306625493773,13321.627901637548
1987-01-29,8.333252767341756,2.9648633911451077,1.6758714946527198,1.597464989464216,10139.728867144704
1987-01-30,8.307945578786528,2.2167838431217843,1.3332602902082267,1.318919005200436,6890.948198160096
1987-01-31,8.770299167571409,2.551902272017183,1.301551520872524,1.2553752735507433,6590.382754323949
1987-02-01,8.711627453471028,2.7146848924747866,1.2008405173030556,1.1921189936693186,5903.201386394722
1987-02-02,9.266976055852615,3.427066806529346,1.1275249800564668,1.1260204422971665,5602.471814010916
1987-02-03,10.226070496068534,2.8263307259058683,1.258146289401656,1.249809427266335,7616.324937396542
1987-02-04,9.848330055067072,3.0582890831932055,1.3289735893009522,1.3272626305916655,8272.283662612199
1987-02-05,9.552850937824145,2.7692043606197374,1.3219742797521097,1.3099670016543572,7816.32847890732
1987-02-06,9.712904917705032,2.7178545617214973,1.4406946400699856,1.3863430286151575,8901.017041189862
1987-02-07,9.547464567311952,2.9345091994250714,1.6553532100304817,1.5843415571057597,11427.066965171774
1987-02-08,9.64327934587179,2.7561643523838293,1.6753892979011307,1.640463597347493,12373.912261206478
1987-02-09,10.212460821025005,2.3023522898572444,1.7175423494542466,1.698160940842785,14042.265753246422
1987-02-10,10.239254984489756,2.248481061544131,1.5876028870063312,1.5689294128851052,12017.780218465676
1987-02-11,10.802868972422303,2.280296619895211,1.5062674867071182,1.500278037983329,11593.957437719293
1987-02-12,10.806607113557765,2.294099526205019,1.5202366822638171,1.5066867383040745,11697.266464793707
1987-02-13,10.384347983624869,2.254148755197588,1.603979438761129,1.5854465266166875,12446.0493962173
1987-02-14,10.61338723054436,2.2411061171854856,1.6411417740884064,1.628487668762684,13420.603569445151
1987-02-15,10.401094209547278,2.2704031388755057,1.62863072323636,1.6138119661449213,12916.176833984953
1987-02-16,9.979990119441089,2.6906829251515227,1.518145729896867,1.5104793511376498,10856.97370801261
1987-02-17,9.630416019792358,2.9164215987622684,1.4073691882288848,1.4055273630811502,9071.367213895197
1987-02-18,8.743886426468555,3.298329268680154,1.4098533949541248,1.4074922310441618,8259.345052662631
1987-02-19,8.740893961000873,3.0284550612043564,1.4261291811576016,1.4251382686006944,8464.84373896993
1987-02-20,9.40429786893126,2.3132066910982623,1.5620578792679152,1.5478869299961362,10743.701467203717
1987-02-21,10.087032787333596,2.8159830825374477,1.713358160701183,1.6495071186574006,13086.421676298387
1987-02-22,10.402743112220323,2.741424193838456,1.6699264614788345,1.6019845235963917,12729.56596104951
1987-02-23,10.223399529590798,3.08315966559337,1.7664558290225394,1.6859996734308929,13856.686618292217
1987-02-24,10.104555323906075,3.291437151230739,1.9984459394562224,1.91047969607319,17585.355347966823
1987-02-25,10.173269589178286,3.1161612530079745,2.0596293043237326,1.9902495579604118,19214.306541246333
1987-02-26,10.022989178591772,2.896739564793001,1.9847833398836765,1.9334415951498463,17865.22400623388
1987-02-27,9.455426307777472,3.5779738836497743,1.8413845555687476,1.6747105887346858,12644.73511892508
1987-02-28,8.681864726557745,4.17068125755276,1.8213303298988608,1.531934585283619,9714.994212377223
1987-03-01,8.938274815234948,4.192403734871005,1.937377447317218,1.6544489243508682,11665.665553263168
1987-03-02,9.178878936292277,3.4796875762621795,1.99027546549289,1.8698384383749829,15301.954208082532
1987-03-03,9.260438011995282,2.738228752785043,1.7838818204058313,1.753257859286998,13572.886180089856
1987-03-04,10.002577864183973,2.750991845587716,1.8793219795167875,1.8514157282522645,16348.161823209482
1987-03-05,10.034374619261921,2.5424174582180363,1.7583627430026219,1.7266209692007481,14263.740270595834
1987-03-06,10.27713968483911,2.554751897501076,1.6791141300942376,1.6718859758728852,13697.290245107957
1987-03-07,11.31922361877718,2.9910725296280525,1.803406825400179,1.8002912335500891,17492.475030567668
1987-03-08,11.1653969565047,2.3751750003129124,1.8224476183319107,1.8121126875201132,17482.102390908945
1987-03-09,10.691605073289022,2.2839530607154437,1.7419285533524682,1.721079691443542,15100.591452735871
1987-03-10,10.936133165264483,2.527200521248678,1.8448662068979995,1.8063869922555942,17015.09874403306
1987-03-11,9.916411758452256,3.36139472052297,1.8733271009835153,1.7449672097825488,14397.204779952623
1987-03-12,9.272522670887545,3.12803653336753,1.710640580959083,1.6203732984409118,11608.527893417573
1987-03-13,8.962695609192762,3.3429329027077506,1.6485960065129472,1.509220060565232,9734.034363099096
1987-03-14,9.35183529343881,2.653377708995325,1.5608849682505357,1.5144889347770811,10227.703938931309
1987-03-15,10.806856906490268,2.356522786701243,1.6079590062679763,1.5909941000589891,13043.244301715415
1987-03-16,10.602373112791396,2.5824276621674533,1.6119929871725371,1.5743745662796318,12530.4971905113
1987-03-17,9.939905760033817,2.147073998747035,1.5238170838333638,1.5108277635640388,10818.35604091029
1987-03-18,9.884881292066504,2.281784021310576,1.5063009408701569,1.4854902414602056,10400.64214851391
1987-03-19,9.41578464069667,2.40859209236618,1.4614786770395751,1.4342338444776122,9235.183716740688
1987-03-20,8.930924439374746,2.5537199733225235,1.4286031769736407,1.383294535049225,8148.446657075416
1987-03-21,8.784674380523981,2.288694810170969,1.378324660070116,1.371783105181836,7882.16745821279
1987-03-22,9.906174624645676,2.320793069462911,1.5591085387577763,1.5534622965848355,11398.730956059362
1987-03-23,10.999406523023064,2.836153202968334,1.8504093870532154,1.8476982029799518,17905.25108864417
1987-03-24,10.119049710306232,2.7914814577373113,1.6326344744755243,1.630915807016756,12833.700584784483
1987-03-25,10.833605959101979,2.8812617540251915,1.6572157604811038,1.6555944319316798,14158.917101577817
1987-03-26,11.760682466400791,3.1667728737285397,1.9082846860478835,1.9076979245806984,20408.017981833353
1987-03-27,10.751431827216111,2.298773164457117,1.749114346348289,1.7400049815008445,15520.8813237995
1987-03-28,9.583017642525842,2.858330631568153,1.6503904394508757,1.5828123198407051,11447.488635021318
1987-03-29,9.055432750301199,3.185907914249441,1.5925837953851747,1.4835973899925559,9503.649707030538
1987-03-30,8.787367229131922,2.8182625725424666,1.5469406281964961,1.4846721095043658,9235.681890728025
1987-03-31,9.48958801615843,2.862232167529673,1.6103057687812141,1.6033138344713365,11631.441148704687
1987-04-01,9.766937620201787,2.9845406915172257,1.7326215783243006,1.7282457166153018,13909.723009068251
1987-04-02,9.724359707895527,2.8450584140943085,1.998567261180013,1.9601703101065153,17815.487807400536
1987-04-03,10.062438956223078,2.705053074186391,1.8876058483138731,1.8406193960797608,16254.751581509869
1987-04-04,9.986908912364001,4.000967335980451,2.0223971048808727,1.684719346057058,13515.599194800194
1987-04-05,10.749379283402808,3.845317720471639,2.1205858795237362,1.8822607463884007,18159.004950226918
1987-04-06,10.652697635838663,3.7457835842799585,2.164857291673761,2.0142158491397613,20607.28168633096
1987-04-07,9.826151337834958,4.146946212513194,2.131194073704632,1.8086403868599392,15326.288164329468
1987-04-08,9.224352359396999,2.5447406025078765,1.6634117670548132,1.6269704086546408,11642.44732558746
1987-04-09,9.584765856405205,2.4820070284207523,1.4490992931745883,1.4463453606219194,9560.368037304585
1987-04-10,11.457730433368507,2.1465788118896922,1.5700182234682256,1.5649393305141406,13379.586782887287
1987-04-11,11.396045718262869,2.8809406583518955,2.1640139511862366,2.1621002636093865,25401.240812478853
1987-04-12,10.008851975886207,2.746555150170703,2.2158365993982083,2.202921485769351,23159.618084240727
1987-04-13,9.598151997072476,2.2809090947708097,1.8667086852186672,1.8625577088918472,15876.551919827181
1987-04-14,9.694792236913312,2.1420776869559246,1.675102720673173,1.6689822830641519,12876.298880954271
1987-04-15,9.61264335363922,3.009558804361877,1.8204759723777248,1.718026898385349,13528.568256763541
1987-04-16,9.780022797416692,4.574991464912676,2.28995718622282,1.878648251569878,16458.107772629995
1987-04-17,9.752375567522071,4.9937138977265665,2.5557169230478274,2.045842299994228,19462.732559119388
1987-04-18,9.428470889845514,4.47219272455368,2.2961491621744763,1.9884661899921074,17775.70261978196
1987-04-19,8.96313661827845,4.227659303461546,2.2857609056035977,1.923890887306504,15818.670529348077
1987-04-20,8.837915623203603,3.5784380391480277,1.9768794243921062,1.7624085607968263,13089.170589455003
1987-04-21,9.370963641720238,3.5184757232142125,1.8911462123710283,1.7256525085690884,13305.770749750536
1987-04-22,9.44241115337923,3.9934225080796675,1.9969816144644217,1.7771072964088412,14218.680533096012
1987-04-23,8.849769341460155,2.501760592302498,1.871386356465068,1.8436470063975714,14342.887303225894
1987-04-24,9.080551415888499,2.365783806546274,1.6757171218280957,1.651506382558496,11809.236608571655
1987-04-25,8.974976870608721,2.939261730962992,1.6386204856402802,1.5650227099533338,10481.506678449434
1987-04-26,8.311923413409783,2.791141164697799,1.5091505906615217,1.4401886412582936,8220.332511480823
1987-04-27,8.434693273253425,2.443143932847188,1.3117618926568038,1.2743903922856294,6531.656857146141
1987-04-28,8.929667058508306,3.033976802279042,1.4489973184366514,1.3501909014967135,7762.019156111877
1987-04-29,10.85202498971658,3.228619950260643,2.0412855402990067,1.949736824370132,19670.339833834903
1987-04-30,12.087478951746082,3.45151609878322,2.4187281713376145,2.3102893278163217,30762.212237244028
1987-05-01,10.96718424467465,3.905274776853066,2.2113828963838777,1.9323146675177316,19525.39956142268
1987-05-02,11.666521303588194,3.6894816538306676,2.446647618527364,2.280225588845222,28923.18383590341
1987-05-03,10.717851510202312,3.6862812162024867,2.3487434058014323,2.2085969691064,24928.13391116194
1987-05-04,9.841476908534778,2.5122941608478393,1.8829915921877707,1.8592716683785266,16221.651628340614
1987-05-05,10.199316393734469,2.656284400622629,1.8891685204837632,1.8498894084998154,16642.236348047663
1987-05-06,9.569134272530661,2.8299471941279517,1.9900623799403625,1.940702516257925,17184.609823715193
1987-05-07,8.796092139417205,3.417635640164558,1.890610005283931,1.7540663173852522,12904.19382107033
1987-05-08,8.31742559088799,2.4242539874675746,1.6849410660419746,1.6601376132712882,10930.151772921075
1987-05-09,8.813857735959047,2.3223130801030827,1.662670535659294,1.6407800706885187,11313.992081598424
1987-05-10,8.84239540022896,2.1177864442513132,1.5110616429308463,1.500819927561437,9496.776026054207
1987-05-11,9.066248582289683,3.077490394074197,1.3741844050974286,1.3722370087219005,8140.19798406141
1987-05-12,11.602001001056042,2.2140102181699004,1.7303875388744743,1.7275227877023709,16509.33414957915
1987-05-13,11.89046066757711,3.353281860964268,1.9952313840150058,1.9946612976794873,22557.246862771877
1987-05-14,11.25068070741689,2.370289665077191,2.0852375928283786,2.078458862494952,23174.520424124108
1987-05-15,10.965165365677048,3.603240510344765,2.2811681461284437,2.280760261418464,27197.15961594722
1987-05-16,10.172677088421944,2.7594881265155125,2.0427276968695165,2.0157767183835884,19709.209151361425
1987-05-17,11.675363367432116,2.8770094059193827,2.370107314930358,2.3292714325927797,30203.66855877252
1987-05-18,11.421628621658689,3.2931499244659355,2.5918353272634165,2.5189895996496987,34556.509854955155
1987-05-19,9.852275234819096,3.849308142868518,2.2373165904422567,2.069600372905537,20121.41939450244
1987-05-20,10.634892651462449,4.308918335947785,2.2963529772962823,2.012328679144027,20534.306178271887
1987-05-21,11.030382529894217,4.555067754511175,2.335441412548548,1.9896353447803516,20820.283462048086
1987-05-22,10.046745765735803,3.653779549242374,2.1182176203595495,1.9247573885502736,17747.06307456948
1987-05-23,9.64967902733659,2.5137560534341223,1.8056714975776067,1.7740400693409166,14480.675014267204
1987-05-24,9.53202554618322,2.641496117172904,1.534417485478291,1.5325486449103838,10674.8756308442
1987-05-25,9.54182436408937,2.6427634063208254,1.3596084665677073,1.3539908848884494,8340.882227904205
1987-05-26,9.074206608073291,2.6282162733480967,1.4679531995971364,1.4077675521021238,8574.71421663676
1987-05-27,8.546773207519303,2.728212198239455,1.6356837744125736,1.5950517458797602,10368.139287142678
1987-05-28,8.16121613296018,3.128007342851776,1.6449531303015814,1.5500142573452738,9349.219467032372
1987-05-29,8.37340007995439,3.11700146650198,1.7268880184541215,1.5862643514659374,10046.205563144982
1987-05-30,9.24309389894602,2.7914974993720953,2.0659248672621477,2.0248953272547587,18070.559975149692
1987-05-31,9.445741613596548,2.9564667787350665,2.00611070470599,1.9378375188795356,16912.96970908777
1987-06-01,10.039392696690344,2.559846562921845,2.0824567323200487,2.0725998829703602,20563.04710066749
1987-06-02,9.819023823054698,2.458404524101368,2.050203425945006,2.039816715144545,19480.481883175507
1987-06-03,9.183278591056268,2.225712722233505,1.7509682981385317,1.737738074206538,13222.55805390948
1987-06-04,8.958234684464195,2.0847054375956477,1.4969055608649635,1.486274131031257,9435.596549699165
1987-06-05,11.093912750196596,2.8724020380273747,1.7265999633314113,1.7244566355075117,15730.350186323934
1987-06-06,10.61048835326433,2.8863054017877956,1.9536164205059454,1.894936110232003,18166.598006468474
1987-06-07,9.361377585449318,3.500184840851608,2.05604084151008,1.935303735958493,16718.10782887473
1987-06-08,9.460212097977555,2.869618945881192,1.9333159238286295,1.8931232600310557,16166.192499970157
1987-06-09,10.063395710285306,2.9490034738963,1.847825892671407,1.8246791820775496,15975.949315630993
1987-06-10,10.202444865057581,3.993380957615802,2.0961030750503147,1.8699618952241748,17010.56973549022
1987-06-11,10.070539384177103,4.319040607496374,2.2316575970800554,1.9274448783196259,17838.804883842575
1987-06-12,11.347777105510474,4.024602449524641,2.5580979458485142,2.3636818046858687,30229.98351390381
1987-06-13,10.389158012492256,4.133938550524474,2.447380654324709,2.2125787595994337,24250.847408376394
1987-06-14,9.236248158673177,4.634686332607554,2.2630202703354865,1.8354329799873346,14836.168070615127
1987-06-15,9.308246763365199,3.78290550503543,2.52505235353195,2.2779999873872745,23031.616056859642
1987-06-16,9.574185341478472,2.4407610926377425,2.2274387449773374,2.2009162332897505,22113.523501720316
1987-06-17,9.732675927318196,2.426495871673018,1.7755992951494297,1.7501259862818723,14214.120044070236
1987-06-18,9.736886385817947,3.0163104917625283,1.7297813333177257,1.655778849438993,12728.401127562813
1987-06-19,11.352229277386959,3.10110236558788,2.173143578844079,2.101540686695015,23905.941278446946
1987-06-20,11.458801311155964,3.0791116510978402,2.272537778188881,2.2076754957830156,26629.238841257302
1987-06-21,10.333554173046727,3.741216977918959,2.160821161104106,2.0033627022481015,19775.06765711324
1987-06-22,9.797830811626316,4.4903452806884765,2.159112311707766,1.7860941565528885,14903.48121496926
1987-06-23,9.317645979908976,4.270503880192929,2.1606489191883806,1.8343372236741073,14949.052027122623
1987-06-24,8.887287095318367,2.9971152293667833,1.7740590601089672,1.6944695196306245,12167.064812596105
1987-06-25,10.363718857859482,3.2814205966851517,2.138560572922489,2.0269933259245483,20303.427080842885
1987-06-26,9.770700673300869,3.486950755132577,2.0934499852610604,1.8996853600935215,16812.72656986265
1987-06-27,8.85310148491826,2.7656681005715735,1.6320332400193076,1.578176699417498,10513.70497788247
1987-06-28,8.871999902508449,2.5733204842297743,1.4049735208347391,1.358219128419982,7803.874973380082
1987-06-29,9.530859733615486,2.940763859125044,1.669677100327832,1.6004047672972779,11639.67462625782
1987-06-30,8.783578927421065,2.456551057839788,1.57214128645753,1.5436569973783583,9979.808536956003
1987-07-01,8.760021635985987,3.051730684342818,1.3553095394402057,1.3535188620595735,7652.139749293267
1987-07-02,8.951321614559951,2.3040671669133963,1.2963416731610784,1.2830451166525592,7026.193513921796
1987-07-03,8.960929552961076,2.664063541582303,1.2314446274881405,1.214556047583614,6302.854391184538
1987-07-04,9.144313250122902,2.4231373844955733,1.3895477928222086,1.3585974837388992,8047.885635325541
1987-07-05,10.495568118497738,3.1107078861143345,2.037233824657414,1.9542308686553356,19112.02827116104
1987-07-06,10.85813414382188,2.6180316761037083,2.217320405729931,2.1800578608015044,24605.961087512573
1987-07-07,10.510593062393346,2.3327267308539748,1.8786862160649846,1.8719557847599444,17561.73762616659
1987-07-08,9.936427847923724,2.521065779343155,1.8541976343666207,1.8247453635477013,15775.528240986427
1987-07-09,10.734132825019888,2.63292778037739,2.138132386506408,2.1066036459382493,22713.377416691736
1987-07-10,9.810930464711971,2.8486704116968617,1.8883802651642942,1.8295242491951578,15657.976157441126
1987-07-11,9.369916329303773,3.2940314254461875,1.9842046769109558,1.8553400898129628,15379.133252045087
1987-07-12,11.48159037149674,3.8814145544666623,2.530109306313524,2.3677492779175204,30691.814425340966
1987-07-13,12.241293831333067,3.963329979090942,2.982789275193519,2.844224998795736,47217.64368011972
1987-07-14,10.75284036310505,4.341724268013552,2.525814947224349,2.26309702589289,26259.027350528675
1987-07-15,9.633568056486464,3.9075445366861663,2.1115758269867952,1.9270193821391397,17057.22683571518
1987-07-16,9.184662888277902,3.367447676388857,1.9024359847410612,1.7841919383342426,13941.04906233803
1987-07-17,8.98600277104718,2.854609498253546,1.5599260832641628,1.4839129420138115,9434.795316087593
1987-07-18,8.612041878904495,2.483744258574554,1.3489306769793654,1.307045496663402,7015.144686439683
1987-07-19,8.98987860127886,2.5330436209742793,1.267223787680948,1.2596583356085964,6801.5586341647495
1987-07-20,9.475214149798486,2.7652147271557164,1.603208112054282,1.5469187764710668,10811.181181161746
1987-07-21,9.84358129616426,2.2366020994979046,1.7733784223983093,1.7586967169964292,14517.242371095736
1987-07-22,9.810113082986746,4.083563083706135,1.9860325640119232,1.7228030200734954,13883.35254109091
1987-07-23,8.985895043636937,4.372085823106931,2.1429153913424566,1.833910652620556,14410.092795905635
1987-07-24,8.675815159176237,2.995029290889648,1.6678390023176637,1.6205222451370764,10863.490131585608
1987-07-25,8.663286461364876,2.669650238128982,1.391249924515127,1.33258524845677,7335.365650779987
1987-07-26,8.902841923413112,3.7746814059437193,1.7329250841648802,1.485015608225314,9361.378139816574
1987-07-27,10.463397683965505,4.440502869504677,2.4970916596431927,2.1537546420253215,23142.713256907886
1987-07-28,9.841240581528556,2.7302179285426713,2.0387234082140786,1.9978704079920055,18729.81840911985
1987-07-29,9.74214987975283,2.6989535712818684,1.7227523315197606,1.6676389988393607,12918.377814486867
1987-07-30,10.010330534591803,2.5224629794350637,1.6387223260241488,1.6342987396592312,12748.538471159813
1987-07-31,9.795899461149538,3.5637223375212583,1.7397478524678078,1.6990073266049077,13482.918580831923
1987-08-01,11.04762059877402,4.109634158938892,2.3592396830433273,2.0805183192876933,22801.369315365293
1987-08-02,11.352256882535833,5.449944828396456,2.86766557328747,2.226730538374605,26839.018513975036
1987-08-03,11.757156750252403,6.280211982880145,3.4051052246087106,2.3368614184120755,30613.80522231842
1987-08-04,9.89939924383765,5.5187523965590195,2.8537296975397406,1.8991863118847225,17025.233314491357
1987-08-05,8.883265496434701,5.095672950546797,2.4479581081108144,1.8360671550957464,14279.034898334357
1987-08-06,8.427305192799636,3.119602052180294,1.710868311105069,1.6255466625032617,10617.852623992845
1987-08-07,8.609891370477502,3.482881702427495,1.6040190732113155,1.4318430196742287,8416.617190783552
1987-08-08,8.968124734020897,4.940636335868823,2.1792408351774935,1.6222835014308985,11253.930593627472
1987-08-09,9.114760591659596,4.43704760656329,2.0541964288586962,1.7400223330231812,13158.427753347825
1987-08-10,10.114770912230608,3.61293018370943,2.3714020850878024,2.2303210750719407,23990.53410348928
1987-08-11,10.735428920424384,2.6389667984294487,2.1922608192407465,2.1583294553437034,23845.36451331077
1987-08-12,10.927979883549806,2.832018931813639,1.8817019274849272,1.8247266300457095,17349.405459744044
1987-08-13,10.936049339873387,3.14229938753368,1.9278055260661098,1.8351052972557724,17560.28370600498
1987-08-14,12.348506169896707,3.438813490833011,2.257769982049444,2.1472762285086398,27148.094048476065
1987-08-15,12.458129245912712,2.537631002567212,2.291981902034035,2.266259763110314,30508.53107216037
1987-08-16,11.332161680747468,3.249114848051497,2.2458521044095088,2.141547615731515,24780.91406895467
1987-08-17,11.048743657025813,3.0976449988255377,2.228190321636125,2.152489669980988,24408.6712920707
1987-08-18,10.564211014360662,3.5431398681831427,2.070251471327745,1.93296650125507,18820.658400295997
1987-08-19,10.191181964316584,3.398083780116897,1.8725806297793273,1.7467656259737645,14826.64603298543
1987-08-20,8.996780561793923,3.0163583536892604,1.7805081897475956,1.6975106426383963,12361.216954274478
1987-08-21,9.265856364082392,3.483524682706945,1.8755268801458924,1.7203839414638291,13076.316184637479
1987-08-22,10.728759920433975,4.881546053720961,2.2763547772729305,1.7657173271978093,15949.27602516691
1987-08-23,11.079639878283754,6.0024534433969094,2.849621150127202,1.7563178693500567,16295.998432019203
1987-08-24,9.922202780049178,5.658425069778387,2.780683540200351,2.0687320290222275,20247.232261597317
1987-08-25,10.269660709382931,4.6514330103890025,2.640266207017915,2.2967990566360745,25831.59287271084
1987-08-26,9.75991008992416,2.8189723491372454,2.139203188431782,2.0988217185001847,20499.629200070664
1987-08-27,9.269542998049833,4.026015691251334,1.9098578378351108,1.6622534241232998,12212.424315229571
1987-08-28,10.086723407677303,4.720273450753992,2.170076544169997,1.7765922786573607,15180.103827069293
1987-08-29,9.804479949375462,4.635995961152201,2.3585410418875,1.9803889795677292,18334.735704633313
1987-08-30,9.027323302487002,3.662469907653293,1.905561866497115,1.7422304294054967,13065.296665691742
1987-08-31,8.48229599595125,3.0488003247297675,1.510886848287821,1.423589222960583,8196.565166094473
1987-09-01,8.651565719130343,2.58160007159918,1.373557240306005,1.3447052100323031,7459.298309874424
1987-09-02,9.045696885600409,2.444591624642023,1.2745499806782765,1.2524275109463405,6765.444222116128
1987-09-03,9.080499908720476,3.1012972320038608,1.3870172339433608,1.2750429937894432,7038.960145639336
1987-09-04,8.478982704789937,2.9491525822065037,1.394465017372617,1.3066324382998116,6902.39343437579
1987-09-05,8.523151952934393,2.650337950692601,1.3085422317609872,1.257863604696461,6430.080697358338
1987-09-06,9.754059481603447,2.389064426259505,1.484526311354045,1.4540251751187991,9832.825707415423
1987-09-07,9.711933687772053,1.9895564532075767,1.3516388519366753,1.3410395857737052,8327.947785748123
1987-09-08,8.950726420618354,3.0726613360490287,1.2013514658252886,1.197942655936057,6124.623992930299
1987-09-09,9.490868962395862,2.586963237169363,1.523332468708543,1.5196616846262512,10450.784539377497
1987-09-10,10.486153079490581,2.3073772662088707,1.7994269891851948,1.7947278441184014,16105.06508191571
1987-09-11,10.18822148042382,2.564280891540283,1.7632658603758453,1.7014941222176752,14063.984311241991
1987-09-12,8.527666068071769,3.8658457534425374,1.8471320882620432,1.6358569984970432,10881.028497949146
1987-09-13,8.139419174738117,3.559299579918074,1.6368694490664537,1.4500651891936576,8160.514824434094
1987-09-14,8.135400942336021,3.9584967134238633,1.6288627527125357,1.283218324769336,6387.474164852776
1987-09-15,8.583217053756648,4.739577585884172,1.9758457041896185,1.2501840973061715,6396.569532239994
1987-09-16,8.617340384247708,3.0221906713324658,1.7103380155969827,1.6335464820669525,10964.411607937636
1987-09-17,8.97656450331719,3.017832869201275,1.5401695862099132,1.5360667044524725,10099.02381959295
1987-09-18,10.409132694240412,2.352990734294989,1.636978410215949,1.6133705004217531,12919.088046196946
1987-09-19,11.825370756363293,2.413377496106526,2.202139470830077,2.1811476285362255,26824.644677977056
1987-09-20,10.967421581625343,2.242980358678998,1.9223346283997078,1.9147019510262173,19171.49527753957
1987-09-21,10.6423029506946,2.374041566773269,1.6391439290908767,1.636911141867321,13596.743875022468
1987-09-22,10.174068455254874,2.8186452049787034,1.5649452825525085,1.539123643449631,11491.871582740461
1987-09-23,10.37099752766224,3.052302660665028,2.197539993651501,2.108479452990152,21984.083583917352
1987-09-24,10.402128392685619,2.837849408613508,2.1124961523555292,2.0656165862196683,21162.682860579866
1987-09-25,9.693643593401585,2.5371515943670335,1.7664038339980577,1.7380347391725073,13962.173898596442
1987-09-26,8.887259153521336,2.4472156153284645,1.3711392701365004,1.3356142407542355,7559.255348525572
1987-09-27,9.546137500277009,2.7149186795784392,1.3840994666393027,1.3754307637049172,8611.012954940468
1987-09-28,11.580329275948387,3.153329720802081,2.293699887507028,2.2184257619670147,27174.38960384944
1987-09-29,11.773364339123592,3.035830005563002,2.5810101512620087,2.4936156854149467,34906.693731938205
1987-09-30,12.33235210808248,3.3473093762499193,2.6963540594862123,2.5991725199005105,39725.120104843736
1987-10-01,11.366097161566916,3.8686932751054752,2.3105075814674128,2.1200843968142054,24359.409327935504
1987-10-02,11.882064999189385,4.532189753533256,2.445638485119399,2.003588579145069,22743.542368616352
1987-10-03,10.68333867779359,4.7614486455573815,2.375142099290642,1.709707534414732,14890.172773460426
1987-10-04,9.82837860204175,3.5189254149433986,1.9721576850112608,1.7565781421851074,14459.920854216734
1987-10-05,9.930528425620244,2.7698599638249184,1.6733522215156202,1.6273555203185386,12539.676460347082
1987-10-06,9.507557621483423,3.1704098542049364,1.9167433494879944,1.8154891709241978,14941.884711574192
1987-10-07,10.15700510676856,5.046359650333243,2.7586725818778737,2.290623296663867,25411.02052670653
1987-10-08,10.091248632203857,5.57060290484461,2.993452151480265,2.204510455266166,23383.9741279281
1987-10-09,9.358603941283695,5.503568857747326,2.6257681938478816,1.97650592384339,17432.368519091087
1987-10-10,8.806271033092623,5.46823597373668,2.3175309403945037,1.584334340100894,10539.859176382002
1987-10-11,8.634102432633497,5.242507556253091,2.2315374845428804,1.4723374804224016,8924.440979912775
1987-10-12,8.789657446544075,4.927205805868096,2.092901686307804,1.5876168488884292,10563.611920284757
1987-10-13,8.591494221993104,4.925517752529123,2.025051135148606,1.4586629452881368,8716.210158218257
1987-10-14,8.06445032335678,4.668974143558678,1.8418664836121998,1.2372364834705079,5886.122501458377
1987-10-15,8.784593921614455,6.174309054701669,2.5608450834856686,0.9017100960458609,3405.6863176826605
1987-10-16,8.722149054970284,5.967295702480788,2.5976669656035485,0.9721027653131072,3930.0398197610475
1987-10-17,8.702616728900441,5.75241169308868,2.5267759818758173,1.0754940376790745,4799.709589952449
1987-10-18,8.094889713065657,4.922626313603745,2.136645355677043,1.3883091250045294,7439.305300070375
1987-10-19,7.716622754346629,3.589350295465315,1.7090130157741423,1.5315820269182647,8630.915828144864
1987-10-20,8.660126345115003,2.720024127081604,1.5648583554702356,1.5128770858393088,9451.061902279602
1987-10-21,9.393337278235261,2.7385127686140027,1.691379178646992,1.6623524659985844,12376.99540997233
1987-10-22,8.837885998165785,2.345396466601758,1.5905379859852167,1.5679310093609178,10359.800288326347
1987-10-23,9.177574424683856,2.8511213631097334,1.4556849265467402,1.4532520342783986,9241.849323652905
1987-10-24,9.23429559936251,3.00003848858411,1.6011030525101468,1.5308111893772895,10318.01412656074
1987-10-25,10.338597835735081,3.898927023075823,2.2061519550836888,1.9966465882307358,19652.28854929945
1987-10-26,10.31956913530813,3.9420940103685997,2.0679239214462926,1.85147192875824,16867.274706477587
1987-10-27,10.249253771401172,4.412751630261529,2.1150761535315588,1.753305000148568,15022.986554003037
1987-10-28,10.341215611804008,5.063435313116569,2.3964333228685484,1.8731957276171907,17301.62918243691
1987-10-29,11.358443802365404,3.891252284231053,2.7174596057415505,2.505408271365508,33995.77426555394
1987-10-30,10.276589265102396,2.765337537703979,2.2945205221569887,2.2578880374660963,24980.601633125185
1987-10-31,9.299036743085662,3.688559391319408,2.0152440942777483,1.824489236651616,14759.432679455698
1987-11-01,9.51980622802815,4.898864707824619,2.180660957680781,1.7018763163689676,13147.19750578795
1987-11-02,8.475521625087694,3.720230574957433,1.7750217070092562,1.5812357881607864,10104.359655186083
1987-11-03,9.257806433351918,3.066434026021475,1.5752341171127504,1.4813191197544182,9686.222533297994
1987-11-04,12.263326106616878,3.244850139997576,2.031137240094341,1.9321829187906086,21830.00542178535
1987-11-05,11.524466217421958,3.5877742705922095,2.2725923259406633,2.146071295802657,25308.021819868274
1987-11-06,10.280297781200042,3.2773149900909715,2.1601558397572487,2.075732063082076,21120.168156785574
1987-11-07,9.270830677250403,3.2154434566402634,1.9426735503405943,1.8599795490685456,15292.696753562243
1987-11-08,9.251918457085779,2.81440363895529,1.6574542389525642,1.6030563255955965,11336.48584727965
1987-11-09,9.123254897957326,2.514535519098044,1.4958570617149487,1.4606981406602655,9281.535952968601
1987-11-10,9.415194159829271,2.4664219227842246,1.438325037365115,1.4337883863687737,9228.86910832704
1987-11-11,9.959488583327209,2.1746306345518214,1.5050001247796336,1.5006121699532815,10693.578357093282
1987-11-12,10.966320405503756,2.0955456380452175,1.600839315473822,1.5897500112627776,13215.016007484415
1987-11-13,11.032074860179515,2.527193946808193,1.691941987839638,1.6541651578616803,14393.420966696485
1987-11-14,10.01509814579141,2.608780912385833,1.6242905494098512,1.6053240006563778,12306.362299059054
1987-11-15,9.78870865651576,2.9164605194499407,1.4808588483481568,1.4597259947495256,9945.28369493289
1987-11-16,9.370197430514878,2.3224048592922557,1.494293583420648,1.4758596859034554,9731.683380808472
1987-11-17,9.139112372745224,2.705551416775167,1.5366826950719927,1.4884725535559866,9654.610748529818
1987-11-18,8.96645226597686,2.3509392458859963,1.3950959440779567,1.3685967207569802,8007.938338362327
1987-11-19,9.714502986506368,2.205066875289112,1.4012773060582073,1.3833318484999135,8863.850596351436
1987-11-20,10.378428699080123,2.261042713490338,1.4979791842257744,1.4761500551843287,10783.05225130598
1987-11-21,10.657888413771632,2.24806923859214,1.5386824210264802,1.520788305151776,11753.244930884877
1987-11-22,10.508615927767213,2.8806022061557193,1.4684380834300943,1.4675128358930307,10790.918841145854
1987-11-23,9.898267769381933,2.5672680543191255,1.3705464999865946,1.353473256730954,8645.848986589157
1987-11-24,10.952037434146204,3.0398693417970915,1.5596095450789458,1.4680234005989556,11254.07916398322
1987-11-25,11.47094757666096,3.039578225572408,1.8330422427518953,1.7511262324456003,16771.93970150254
1987-11-26,10.834959284693166,3.483015032080534,1.881619031024707,1.744722292277,15726.38825155004
1987-11-27,9.846621565670237,4.137528983962235,1.8819831305501478,1.5778355039959746,11688.527013940919
1987-11-28,9.27729701505029,4.451117435156795,2.0478287177855354,1.5092331125953082,10075.884961999447
1987-11-29,9.366627950106079,4.576359737466451,2.1104307272615808,1.6410744323550628,12027.8753344391
1987-11-30,9.756064894674768,4.790278618995335,2.195031871902081,1.7129643998019999,13649.616334115059
1987-12-01,9.310662550539917,4.200505549369691,2.0625353828238375,1.7016269458178634,12854.594591191253
1987-12-02,9.68732773732788,3.3684246382449534,1.82354273834367,1.7091639557503788,13493.373231391823
1987-12-03,10.064819058693153,3.7008359755261786,1.8955453676335774,1.706603761662594,13977.208971467204
1987-12-04,9.519280046958741,3.253326960581537,1.6673654042264536,1.5553777203868524,10980.571403547825
1987-12-05,8.763798491659506,3.031555567337163,1.3934241764045028,1.3035495487957955,7100.624717347136
1987-12-06,8.390832731468947,3.1110397638700262,1.3208461086395171,1.192583953046624,5690.259543099476
1987-12-07,8.317391252775973,3.7152747617197113,1.4874082061218328,1.2346429683177047,6045.315835849451
1987-12-08,8.37802528898358,3.263830023723027,1.4131090627402803,1.270123760430343,6444.405170820822
1987-12-09,9.0385431122639,3.7458769413348483,1.516141032841848,1.2396492663950782,6622.8539634437475
1987-12-10,10.151281751451197,4.108509929615927,1.8586764615917477,1.4218302699661864,9785.104838821897
1987-12-11,11.074329926903204,4.313488098040218,2.1137108474881896,1.6037794080618222,13581.752539643714
1987-12-12,10.291106543577229,5.075115464082525,2.4114628407332837,1.6713344124371914,13706.856766811477
1987-12-13,9.74051040322818,4.476986806555466,2.1740939995241413,1.666537100394333,12899.140603530608
1987-12-14,9.13569674054418,3.858095277043379,1.9053280904180494,1.7091160471223343,12724.299062177648
1987-12-15,8.672012044946472,3.0393257670577776,1.6430303892283034,1.5579795274175865,10036.734938083326
1987-12-16,9.352080709945271,2.645493902943127,1.5900398010994843,1.5510593410711457,10727.886319172832
1987-12-17,9.04484045268897,2.785598122435941,1.6267670979531903,1.6117133532619514,11202.774861083017
1987-12-18,9.319551071829508,3.222645361725339,1.8235485155686124,1.6947916744435663,12763.704054559363
1987-12-19,9.086986445409783,3.091899989751976,1.8435049314766834,1.7640956508491559,13483.828751948296
1987-12-20,9.034372041598521,2.546728187355354,1.828869742802785,1.7945170154443455,13872.100351360412
1987-12-21,9.59641994230465,3.5009961268074776,1.737267407656484,1.582131464530609,11453.638433908898
1987-12-22,9.296928652326452,3.275364485087831,1.6905425558628886,1.5792683097917595,11056.06107126509
1987-12-23,9.643537891656376,2.616415152677214,1.643941847228521,1.6033840083271587,11821.173083336464
1987-12-24,9.61339037589963,2.913690313207109,1.7633655510946193,1.6896858738310225,13086.92502414202
1987-12-25,9.52827124593622,2.985085318167017,1.9604480561773894,1.8970222852980765,16349.635201309751
1987-12-26,9.458707617363869,3.7165283760314236,2.4899676695188484,2.258302324256047,23000.911844409693
1987-12-27,9.002557107520094,4.249239246910072,2.696210703695199,2.36077580857771,23923.486214055578
1987-12-28,8.955850542216236,3.6866580631310963,2.4523552480623367,2.2518236036327743,21653.328321320627
1987-12-29,9.082655466869824,3.6415329444842164,2.329178094586556,2.115913428661713,19389.103077866122
1987-12-30,9.303216566603124,4.519262036740834,2.4019783839807225,2.0093563480124215,17910.02313491482
1987-12-31,9.809244867389811,2.9110400247587265,1.9428279231652188,1.9242214875506714,17317.882372929776
